movie_id,decaypop_raw,decaypop_normalized
1,4.887800956085817,1.9779999978319678
2,-2.0859242595405454,-0.8528404882257447
3,-0.6165003684876866,-0.2563580468682849
4,-0.19151033005112944,-0.08384207157840216
5,-1.4768340205743318,-0.6055928186065657
6,-0.061604753559130435,-0.031109571526034087
7,3.11351581778069,1.257765396091421
8,3.6058261936855027,1.457608679376345
9,4.352765937629366,1.7608135236199753
10,1.9270423367159295,0.7761408608565207
11,1.3328808623249992,0.5349532165265286
12,9.916171261140168,4.019163622481568
13,-0.973459307822649,-0.4012581950796552
14,1.2312026402595413,0.49367903111292794
15,-0.0639410459659677,-0.03205794143279849
16,-0.584712165827243,-0.24345427904150665
17,-1.5535333360666246,-0.6367273300527547
18,-0.3963167086417207,-0.16697901351267586
19,0.3688595640210404,0.14362857492095105
20,0.6932202737350841,0.2752961415017855
21,-2.112685132844294,-0.863703514979475
22,7.679385279068829,3.111186304633495
23,3.2149622288509527,1.298945482593748
24,0.3378032574535726,0.13102190527735633
25,-2.0377352644912685,-0.8332791556595782
26,-1.4321635624105613,-0.5874597638057549
27,-0.4846723672339108,-0.20284517797734491
28,3.889566548276773,1.5727872472822781
29,-5.544347519432876,-2.256716362211922
30,0.9003200278975954,0.359364032135354
31,0.978202415619271,0.39097878744853154
32,1.028212823242382,0.41127948503072553
33,-1.8383154685476932,-0.7523287862912125
35,-0.16890989080791732,-0.07466788756137017
36,-0.5705045948826895,-0.23768700749082125
38,-4.180313307712251,-1.7030146960989214
39,-1.7697416962013606,-0.7244926721574456
40,-1.047060484435782,-0.43113508069468837
41,-0.8465858978151066,-0.3497565407201219
42,2.071485291789146,0.834774511094251
43,-1.093472569010306,-0.449975112957717
44,-0.16277551539585117,-0.07217776388482464
45,2.114078775958256,0.852064460970394
46,0.25552814562918347,0.097624013856926
47,0.48556237489916076,0.19100168350433058
48,-0.032311995568629376,-0.019218778197671923
49,-2.471992085356674,-1.0095567909036403
50,21.33454104245807,8.654216261106281
51,0.16932116178099546,0.06263005976313038
52,0.324188963416861,0.12549546229938252
53,-0.5696712501755358,-0.23734872832682918
54,-2.6144448009364587,-1.0673825443056402
55,0.7865231852849851,0.3131705416703901
56,8.47517940178345,3.434222580295668
57,0.9427405443660879,0.3765837693268058
58,-1.500382584698611,-0.6151518744411951
59,1.6995471731989482,0.6837938727900648
60,0.728291142505117,0.28953244019806396
61,0.9437583042358618,0.37699690803751745
62,-3.356383706331792,-1.3685574008755814
63,-1.588164524833647,-0.6507851496844088
64,7.272779788815727,2.9461331589943973
65,0.5515700101560925,0.2177961270042771
66,-1.668988407531359,-0.6835939444542947
67,-2.19474114508022,-0.8970124674230567
68,-2.1078300528495655,-0.8617326949963001
69,3.987442273586366,1.6125178872547012
70,-0.027707197267541832,-0.0173495549263507
71,1.4224769290223662,0.5713228991790811
72,-2.171075139335543,-0.8874057385752973
73,-3.151654780884536,-1.2854518994536803
76,-1.1546571691826293,-0.47481174444743507
77,-4.0987769438093995,-1.669916684220718
78,-1.0552769885127895,-0.4344704017284068
79,5.2429820459078895,2.12217846455696
80,-2.2590573088950423,-0.9231202928399442
81,0.4593295676693708,0.18035301432496043
82,-1.106367023356309,-0.45520935180132616
83,2.45436050209709,0.9901948370943254
84,-0.013797410864584105,-0.011703162892767955
85,-1.5403412049275294,-0.6313722554303344
86,3.30127874730631,1.333983900011092
87,4.70381971635165,1.9033165931937208
88,-2.4648302116230876,-1.0066495753919593
89,8.070120004946943,3.269797039516756
90,-1.5317868847356217,-0.627899804884722
91,1.1619578939122992,0.46557054886769456
92,-0.70000464930556,-0.2902548941900984
93,0.008479499729210757,-0.002660308684532802
94,-2.7651042250970637,-1.1285396424609158
95,0.7706665521020604,0.3067338671816667
96,4.94499612955672,2.0012172035093188
97,2.3980320391727568,0.967329454758024
98,11.48834372964428,4.65735473803257
99,0.4228225895878839,0.16553375655651215
100,12.138887972321426,4.921429808844893
101,-1.9406239872577966,-0.7938588276791625
102,-1.4789499378021884,-0.6064517317367163
103,-0.5485088557832469,-0.22875828907445162
105,-3.223876544035169,-1.3147688405116915
106,-1.3620102703404018,-0.5589824760890777
107,0.3323189052877832,0.12879564518383751
108,-0.2870698558063829,-0.12263249792475331
109,-1.8748702979943281,-0.7671674683383046
110,-0.7114668885380346,-0.294907754731185
111,-1.4106930075369477,-0.5787442331367005
112,-0.07470937894812113,-0.03642912498688015
114,2.9991852049917997,1.2113552325889423
115,0.34829682217062563,0.13528155229894212
116,0.7606221706985953,0.3026565568984022
117,3.5803014376748847,1.4472474290434965
118,-1.4702784615005773,-0.6029317240751746
120,-4.212585037633659,-1.7161147418839107
121,-3.3641407511117927,-1.371706213846615
122,-5.040829016659694,-2.0523233700797445
123,-0.6620193961388459,-0.2748355610198528
124,4.848385769613815,1.9620002126123781
125,-2.3153884700838874,-0.9459867704812923
126,0.781852324253961,0.3112745015910156
127,13.398690322798705,5.432820692180901
128,-0.2775353474052965,-0.11876216011219176
129,0.9079034987625958,0.3624423863414215
130,-0.7128079236778191,-0.29545212039652863
131,0.43053933494061986,0.16866621080294186
132,7.181307183059241,2.9090017338616105
133,3.2795024353512057,1.3251442535361493
134,5.440982178304476,2.202552550673386
135,5.118966875357483,2.0718370537866027
136,3.882426731592701,1.5698889853767168
137,3.1557462378296672,1.2749079675466302
138,-0.5529729456766953,-0.230570394658345
139,-2.057967272944235,-0.8414919238533384
140,-0.9115190839794798,-0.3761148336839665
141,-0.7780167918056334,-0.32192232078993993
142,-2.0628572866430885,-0.8434769244560397
143,2.267260394284359,0.9142453920322763
144,3.8468612044255153,1.5554518902661645
145,-3.708516064654171,-1.511498297680108
146,-0.20960502172630022,-0.0911872399343372
147,-0.1322717637433749,-0.059795392557519075
148,-0.6684538149359467,-0.2774474811445903
149,0.10754739836691643,0.03755426955893904
150,0.9070154645407451,0.36208190709245613
151,4.300463575943187,1.739582454370802
152,0.3357849324158101,0.1302026076918823
153,1.7944636212114218,0.7223232549378483
154,-1.9852054333120612,-0.8119557498427459
155,-1.175008824451114,-0.4830730808079819
156,2.3396459636481417,0.9436288268573506
157,-0.09517893706528972,-0.04473832158670453
158,-1.4771975774091215,-0.6057403970348926
159,-2.381468062685742,-0.9728104235871493
160,-0.564179999741712,-0.23511966802311685
161,-2.002111458349229,-0.8188184033964423
162,-0.2666951881402505,-0.11436182015413827
163,-1.0081059643396084,-0.4153222935266335
164,-0.15415225409735567,-0.06867732811328942
165,1.1999701037132056,0.481000824529805
166,0.8408081387961485,0.335206403341398
167,-1.7566574554504437,-0.7191813934216523
168,6.7448278595409565,2.7318219193237554
169,3.0078452422485062,1.2148705968052038
170,2.3825711782917134,0.9610534359046725
171,1.643072992056344,0.6608693391366289
172,7.58339446178819,3.072220804352682
173,5.222791525491935,2.1139825375795125
174,10.566709190748014,4.283236130633103
175,2.4554221203874653,0.9906257792298716
176,3.3166545928716014,1.3402254086435323
177,2.6692702061978726,1.0774330164610666
178,3.916280091469018,1.583631061349573
179,4.591980571389817,1.8579177898719872
180,2.2830019600493414,0.9206353572665817
181,7.853053481033808,3.1816833434559735
182,0.9831734779101854,0.3929966880621523
183,7.020617910579172,2.843773224829959
184,-1.5333867778109436,-0.6285492486111303
185,6.674062578848604,2.7030962073983313
186,0.235208578245867,0.08937570291416345
187,4.943858814651098,2.0007555338878924
188,-1.4973858819513013,-0.6139354245239033
189,1.432251471549584,0.5752906739139874
190,3.3884157046572247,1.369355357743342
191,7.214350404133249,2.922414950630814
192,2.3467365906049062,0.946507121203644
193,3.688862483291557,1.4913155552799315
194,4.090477276630084,1.6543428300332987
195,4.2584906789306585,1.7225444191017962
196,3.199549649869872,1.2926890627858039
197,3.441340560686041,1.3908391157826516
198,2.313815141766156,0.9331433353717067
199,4.389453884797884,1.7757062420715526
200,2.2719006547988387,0.9161290104606035
201,0.6005000741577055,0.23765828128744096
202,0.7855190026449737,0.3127629143571758
203,1.5301708981104734,0.6150390535115944
204,0.8220954723871385,0.32761038083766936
205,3.063305501279134,1.2373835496068648
206,0.52707585210309,0.20785322674015935
207,-0.1966953162079413,-0.08594681019062371
208,1.5989656371603034,0.6429648645392005
209,2.698045348586027,1.0891136943693296
210,1.3453440686920248,0.5400123991124458
211,1.239372286980968,0.4969953313657658
212,-0.6707724233814446,-0.2783886726105407
213,3.244173731377508,1.310803291935799
214,-2.9683673624480074,-1.211050137317642
215,1.1732768761255779,0.4701652571648494
216,3.179064974601661,1.284373729689074
217,-2.551795890550145,-1.041951506166715
218,-2.955736577498012,-1.205922929648631
219,-1.4511256405687338,-0.5951570298852479
220,-0.04407594514418443,-0.023994111854323832
221,0.9619886938976446,0.38439716020339626
222,2.2197288664825443,0.8949509447884915
223,3.576775299503681,1.4458160656923695
224,-0.20286444023235473,-0.088451039352491
225,-2.9131111586160907,-1.1886200165318752
226,-3.2602103838647123,-1.3295178163636414
227,-1.4092446716911757,-0.5781563109541011
228,0.12975129438794042,0.04656748500133799
229,-3.2168096053929114,-1.3119001619500295
230,0.47777874975342965,0.18784208077988435
231,-6.025203768357063,-2.4519100779577427
232,-1.9504280620247325,-0.7978385904200846
233,-1.0167600707546822,-0.41883525023957485
234,1.741109365423594,0.7006651908877729
235,-4.240708235223808,-1.7275307761946985
236,0.6217752249613057,0.24629449168857093
237,1.042006639621364,0.4168788014155139
238,2.4680126883317977,0.9957366616316347
239,-1.3293020654975782,-0.5457052522764934
240,-1.3858557943197645,-0.5686620766762621
241,-1.1032504363596858,-0.4539442373358762
242,2.5593470309486377,1.0328119616833007
243,-3.4984375527590195,-1.4262212415392979
244,-0.4421883135187204,-0.1855996491458781
245,-4.895969201143992,-1.99352050390919
246,2.578115399210265,1.0404305952097843
248,1.2481578227606487,0.5005616391292407
249,-3.001382658052978,-1.2244520183163787
250,-1.0426996180988075,-0.42936487659296496
251,1.861518328066372,0.7495427356424198
252,-3.524717320561565,-1.4368889733984402
253,0.11716842488490706,0.04145972762366672
254,-1.9904036763088395,-0.814065869796809
255,-3.7803936540491896,-1.5406755284725855
256,0.05425358018446628,0.015920738913162355
257,1.1119045418969817,0.4452524188917155
258,4.040276067205535,1.6339646803795616
259,-6.744134518060157,-2.7437452463941217
260,-4.112862197520096,-1.6756343036031522
261,-1.161027039586189,-0.47739746247786913
262,1.5872655067454624,0.638215436959767
263,-0.5309975485115264,-0.22164993363229774
264,-2.4499044122248788,-1.0005907537554903
265,3.8187379105621417,1.5440358168752393
266,-0.5121527832859346,-0.21400028832775927
268,3.5849088446662014,1.4491177112590243
269,1.532459742346981,0.6159681628083683
270,1.1583005045263217,0.46408590678229905
271,-5.046720964770479,-2.0547150853736578
272,15.210606714621466,6.168330928206566
273,-1.249168101716664,-0.5131765159174828
274,-0.32739731573055686,-0.13900260181089674
275,3.034604683850005,1.225733042388818
276,1.0289283102082263,0.41156992226585204
277,-0.0009764472336948275,-0.006498756095197424
278,0.27849265048391614,0.10694598282974668
279,-0.5928718932758915,-0.2467665527693375
280,-0.7981893499084463,-0.33011095633537774
281,-4.093763366624398,-1.6678815255592505
282,0.9847172422210768,0.3936233474697255
283,0.017519493430103512,0.0010092910445834828
284,-2.3223569677172073,-0.948815488937706
285,4.994384953005323,2.0212655817654306
286,-0.9228756224732944,-0.38072478718166475
287,0.009869451942016345,-0.0020960861383276814
288,-2.2933825122898055,-0.9370539039957624
289,-4.187983079043646,-1.706128082206402
290,-2.2662821727308393,-0.9260530778895759
291,-0.4978648763537256,-0.2082004060332733
292,1.4654170251003904,0.5887535490390011
293,1.2997167820849944,0.5214909394617676
294,-4.778238612477554,-1.9457301900468698
295,-0.6026603532829504,-0.25073997701927053
297,1.5521141122929336,0.6239464505169644
298,1.4115700260559234,0.5668954659865996
299,-2.2944994018279896,-0.9375072823588876
300,0.08821692079947159,0.029707459307491774
301,-3.527636576942379,-1.4380739855542781
302,12.87279259805195,5.219343314637708
303,0.8464387415424524,0.3374920308535673
304,1.1337911829438765,0.4541368511949171
305,-1.1662903455713498,-0.47953399341543984
306,1.061003304873662,0.4245901074153246
307,-1.1814663550312072,-0.48569438268622656
308,0.09853338775776956,0.033895217132131485
309,0.6064031112567869,0.24005449792834563
310,-0.3732485390610174,-0.1576149639739912
311,1.2041174800034824,0.48268436673291965
312,-5.1935661898107215,-2.1143238877532964
313,17.04410544648668,6.912602071794109
315,10.689202154241611,4.332959632720319
316,12.005124781489032,4.86713138950022
317,1.1073060354527662,0.44338574967043426
318,14.612763097181812,5.925648593550315
319,-3.757397767230708,-1.5313408206362786
320,0.6160047638447408,0.24395209154418462
321,-4.814458375806495,-1.960432858886939
322,-4.9875178296375315,-2.0306827889103047
323,-6.948786655011031,-2.8268195771034264
324,-1.192512292089616,-0.49017825391208475
325,-3.1672508071930516,-1.2917827859355335
326,-3.2627647398244917,-1.3305547046899182
327,-1.0939302688259298,-0.4501609067950804
328,-3.430794786987751,-1.3987630503984778
329,-1.3939040173795152,-0.5719290874881183
330,0.2828617790359149,0.10871954080792376
331,-0.34013651710706894,-0.1441738189009916
332,1.611186973659186,0.6479258650210161
333,2.176165068257291,0.8772671158549736
334,-0.5658017996415421,-0.23577800437488994
335,-0.9908075980341892,-0.4083003770951815
336,-0.5114035111776737,-0.21369613670813623
337,0.08159705427270457,0.02702026048665507
338,-3.7512836596653485,-1.5288589242757296
339,-3.455852949765691,-1.4089348967940123
340,2.520820355714406,1.0171728493474896
341,-0.7075905106323498,-0.2933342187550207
342,-3.465359632640934,-1.4127939394059934
343,-1.916473800253596,-0.7840555553959119
344,0.8987250770276078,0.35871659459567057
345,-2.4471790278215924,-0.9994844399461069
346,0.9898373241285643,0.3957017395352989
347,0.4026686080019653,0.15735266176647952
348,0.2619664197170775,0.10023749895775956
349,-0.9616519496316018,-0.39646524058731225
350,-0.025269322269841177,-0.01635994965369457
351,-1.3921979540793255,-0.5712365461400405
352,-1.5836609885859925,-0.6489570316633945
353,-1.2847102295054769,-0.5276041125310914
354,-1.929464343203867,-0.7893287994344205
355,-2.7930386964741394,-1.1398790672426167
356,-1.0906641198196279,-0.44883508070433925
357,10.024684756749204,4.063212446769251
358,-3.8941345513235057,-1.586846309076786
359,0.47817365031912795,0.18800238255186139
360,0.4546106319748174,0.1784374593235515
361,0.538646708889249,0.21255017834577156
362,-1.711772858202756,-0.700961413258907
363,-1.2798554514335376,-0.5256334151072704
364,-0.9071843431845001,-0.374355234709304
365,-0.36399493189293836,-0.15385865224625425
366,-0.8793845874939186,-0.36307049499299393
367,1.3939482321936703,0.5597422607828082
368,-1.482807356945672,-0.6080175717928455
369,-1.2127066783820888,-0.49837575016268604
370,-0.4295038966594708,-0.18045067070509627
371,-0.5433142100036974,-0.22664962933682287
372,-0.9387921111726654,-0.38718575878764344
373,-0.8745337871595875,-0.361101412250038
374,-0.7589052174096588,-0.3141643697838979
375,-1.4952856203230076,-0.6130828664627733
376,-0.5065519722670546,-0.21172675415530914
377,-0.1743471589720127,-0.07687503487167488
378,1.6561030228610982,0.6661586124584434
379,0.2450261201533755,0.09336093236413787
380,-2.183652726170484,-0.8925113515623814
381,0.4768013084951891,0.18744530858123643
382,-1.2859610676046538,-0.5281118645607698
383,-2.4933276389119348,-1.0182175205609185
384,-1.99919693403993,-0.8176353121278223
385,1.612309126762743,0.648381380020372
386,-2.556768440489886,-1.0439700106608152
387,-0.4753567736262516,-0.19906370412788332
388,-1.2195009561169767,-0.5011337476304303
389,-0.1105085627033092,-0.050961068189191085
390,0.42708896660027734,0.1672656046580701
391,-2.1234649843924727,-0.868079374258802
392,-0.12193959185527894,-0.055601259639263226
393,-1.2328600360815527,-0.5065565916988293
394,-0.08868248257738012,-0.0421012193477179
395,-1.3075729560550542,-0.5368847666918243
396,-1.2991870740498317,-0.5334806901677746
397,0.044264414344569646,0.01186584225360359
398,-0.9408466908285551,-0.38801977319054687
399,-1.5377902856479773,-0.630336762153794
400,-0.3804160673478535,-0.16052447483539914
401,-1.996124432017242,-0.8163880930518785
402,1.2178844896657957,0.48827280148178204
403,-3.4830587868724976,-1.419978547462448
404,0.1663010199659155,0.06140409523779938
405,-4.941743946274284,-2.012101821318061
406,-0.9750700500630194,-0.4019120428017344
407,-1.1715301054925364,-0.48166096631206057
408,3.4654423990498486,1.4006227619285885
409,-0.9816994801542929,-0.40460312375511276
410,-0.9166927179446022,-0.37821496410718625
411,-3.80311267187081,-1.549897847027495
412,-2.815898833225107,-1.1491586701278076
413,-1.621935847353983,-0.6644939242779448
414,-1.0745139224299776,-0.442279239856753
415,-1.532760657296343,-0.6282950878509801
416,0.7070053891789808,0.2808919259207242
417,-3.446567562621363,-1.4051656846377913
418,-1.7147127456392546,-0.7021548001679645
419,0.6999627768806967,0.27803312213864834
420,-0.3194618655003005,-0.13578136881241704
421,0.35015948827492915,0.13603766333816897
422,-1.1756888718958658,-0.48334913209757524
423,6.56019035984975,2.656872119437872
424,-0.3351354639643438,-0.14214374411719746
425,0.9661895128805508,0.3861023963696799
426,-0.47787862682994336,-0.20008739862804922
427,8.857110978473491,3.5892598576141603
428,3.68129714102525,1.4882445600060776
429,3.003547268589217,1.2131259226939464
430,2.838266428600425,1.1460335611593266
431,-0.6954955678588228,-0.2884245252094347
432,4.427343719409672,1.7910868420396637
433,-0.5220692863959003,-0.21802568904485461
434,1.5926126477229823,0.6403859989902158
435,2.7684851137058057,1.11770726993532
436,0.35267566129718025,0.13705905208537025
440,-0.6489332419820706,-0.2695235055762595
441,-1.880212270250255,-0.7693359322324067
443,1.5629799028382767,0.6283571949666965
444,-1.2491265822813005,-0.5131596619556544
445,-0.5171084796663392,-0.2160119514656793
447,0.4471598146914097,0.17541295311375318
448,-0.337320284272116,-0.14303062703712438
449,-0.8577830109539389,-0.35430177877013136
450,-2.0522495127585745,-0.8391709165691873
451,-1.0723049312194626,-0.4413825452554143
452,-1.0816233785812517,-0.44516517752773865
453,-0.1292897381645165,-0.05858490053523858
454,0.009719359516786557,-0.002157013074915175
455,-0.5697243012974462,-0.23737026333990918
456,-0.8556293428441439,-0.3534275414449959
457,-0.5083308296814047,-0.21244884477857928
458,-2.354388411562843,-0.9618179955265701
459,-0.23024668999483744,-0.09956630111435238
460,-0.3899658655675461,-0.1644010192357164
461,-0.5219020446472162,-0.2179578006927192
462,2.099288732253691,0.8460607465688531
463,0.5291040889367669,0.2086765478155611
464,0.8243902564901925,0.3285419013012418
465,0.7671485460058207,0.3053058048793096
466,0.35709832080743653,0.13885433985633489
467,-0.3136958086355775,-0.13344075648358686
468,1.2325729143350883,0.4942352657235722
469,0.8757977463823723,0.3494097157295042
470,0.5013542552538104,0.19741207291267013
471,1.1147429080821567,0.4464045953344073
472,-4.064597497238166,-1.6560422400530461
473,-1.8103692687978719,-0.7409846006175381
474,6.363423738906918,2.576998751955366
475,2.649834782494088,1.0695436054815408
476,-1.9164428466967358,-0.784042990435401
477,-1.7076340279830535,-0.6992813401575753
478,2.543703391140623,1.0264617474794773
479,5.198917209090529,2.1042912493000983
480,7.180650162837746,2.9087350300002366
481,2.282230908636915,0.9203223647858574
482,0.6115793458136703,0.24215568400836535
483,10.524997208590317,4.266304008389294
484,5.157919380737092,2.087649023121858
485,1.7068314419195798,0.6867507720323065
486,1.371404925454779,0.5505912685321996
487,2.94822778992214,1.1906701167887375
488,2.1609337383188696,0.8710842703723941
489,0.4865984873431538,0.191422272065519
490,1.6649317619986452,0.6697424577374927
491,2.400564448953243,0.9683574344836698
492,0.21403784133883225,0.08078187718930983
493,0.9404185778233192,0.37564121471025563
494,1.8731941639723853,0.7542823013650907
495,-0.9946374493264439,-0.40985502654844674
496,7.084980254146421,2.869899795968647
497,0.36796813057337924,0.14326671582610018
498,4.208739773456042,1.7023490610856824
499,0.45782040417634384,0.17974040040857497
500,0.8148027119463338,0.3246500345560736
501,-1.1996717399153187,-0.4930844846762972
502,0.5202369994354915,0.20507713499420965
503,-0.8956568228304599,-0.36967587463802526
504,0.47769123633176297,0.18780655650419703
505,0.7903289410901164,0.31471541005566495
506,3.280149421197888,1.3254068841492095
507,1.6998829549959826,0.6839301765124134
508,-1.1622173118493104,-0.4778806290506393
509,1.0670661394099847,0.4270511905430672
510,3.1586282263525742,1.2760778515811657
511,5.151323424228098,2.0849715300815386
512,1.8959526051245228,0.7635206230111273
513,3.5263270141964824,1.4253376206598918
514,-0.3444823011053265,-0.14593790063715797
515,7.390684561238183,2.9939941791741163
516,1.021171141608794,0.4084210590328639
517,-0.8178948744415484,-0.33811000919772927
518,0.6927620438371946,0.27511013248841615
519,1.6797367017656104,0.6757522188895468
520,4.21079513733684,1.7031833938285765
521,0.9679465035675513,0.38681561064420317
522,0.6749129854797823,0.26786467393163943
523,2.4879785426463887,1.003841390020678
524,1.537136732523788,0.6178666908885588
525,3.144019446833429,1.270147717651882
526,2.0045162014838356,0.8075897846691361
527,4.036768615161526,1.6325409022778894
528,2.382113712463207,0.9608677370495725
529,1.660916432339817,0.6681125171517052
530,1.3290549116141055,0.533400150434135
531,1.8198132504789044,0.7326134161670499
532,-0.7697762235986925,-0.3185772314170382
533,-0.38492544612986657,-0.16235496451320983
534,-0.2746135195338063,-0.11757610411254145
535,-0.5275540015371131,-0.22025209648078972
536,-0.4112465013522312,-0.17303945615223668
537,0.34129578320927617,0.13243962435893
538,-0.011351786749956138,-0.010710412025289722
539,-1.8986751352921938,-0.7768305530029851
540,-1.7189429684257238,-0.7038719722042455
541,-0.9520142761414562,-0.3925530250262265
542,-1.2716483604799786,-0.5223019151376367
543,0.16029231010504652,0.05896498291014304
544,-0.9158023797657817,-0.3778535496142206
545,-0.35818640700060234,-0.15150080089405957
546,-5.239523121319501,-2.132979159979756
547,-0.3687990668500035,-0.15580879213798265
548,-0.6782434976363296,-0.28142140172175967
549,1.0089859433270614,0.4034747281178923
550,-2.4163187668145354,-0.9869573509702849
551,-0.39259554806056457,-0.1654684848206857
552,-0.9307086432331673,-0.3839044410409095
553,-0.5139838392197909,-0.21474356786767887
554,-1.8743512537680906,-0.7669567729976859
555,-0.8306248945535192,-0.34327749934209956
556,-0.5790682539964828,-0.2411632489799184
557,-0.506321248650399,-0.21163309664301502
558,0.39314851043150323,0.15348817373455997
559,-0.32972489969338725,-0.13994743670371912
560,-0.7035529572359172,-0.29169525689950765
561,-2.490457844650816,-1.0170525865364424
562,-0.8914422251681817,-0.3679650452999138
563,-1.0118921959087364,-0.4168592364494003
564,-0.5765596630627552,-0.24014493802579007
565,-0.4322248192860744,-0.18155517334789623
566,-2.699171266795299,-1.1017755125367878
567,-0.8350455051962002,-0.3450719554173631
568,-1.6383771066887416,-0.6711679157426959
569,-1.9358464088333345,-0.7919194678662782
570,-1.0081305649694303,-0.41533227964692493
571,-2.258708840945206,-0.9229788394344846
572,-1.172541947881731,-0.48207170294309715
573,-0.7341606562060484,-0.304119823504966
574,0.16801454568069768,0.062099665799776375
575,-2.8072684350632864,-1.145655337293222
576,-1.4186368820727513,-0.5819688858089519
577,-2.526994271791304,-1.0318837985454032
578,-0.32402148557863936,-0.1376322529123355
579,-0.3269688250057588,-0.13882866480389502
580,-0.3143346592422519,-0.13370008476309292
581,-0.1465772889884885,-0.06560242664418563
582,0.48668126245826276,0.19145587292300095
583,-1.6641619725180807,-0.6816347523128693
584,-0.9935541004665962,-0.40941526333464684
585,-1.3991529633484474,-0.5740597892721071
586,-1.2727686503996796,-0.5227566738157827
587,-0.5517326538968346,-0.230066923690334
588,3.6857353546235885,1.4900461616395626
589,1.209874296574511,0.4850212281543532
590,-1.0111991518559553,-0.4165779094537742
591,0.44309525970583347,0.17376303051783637
593,0.2212845713115533,0.08372353834801725
595,-2.194406102005275,-0.8968764635697645
596,-0.2209941762418473,-0.09581043323600816
597,-3.3438310132457034,-1.3634618929944375
601,0.19256238695334693,0.07206435766406465
602,0.5048901739883721,0.19884740648256446
603,10.778823532972899,4.369339590273041
604,1.7893537137909354,0.7202489929962527
605,-0.917117678753546,-0.3783874682173641
606,1.5787317232784448,0.634751322875726
607,2.158072260658,0.8699227123009363
608,0.49126020610361937,0.19331460102797518
609,-1.1135306167025134,-0.45811726535442243
610,0.4375417840686396,0.17150871117114388
611,0.40064863920895133,0.15653269693232977
612,1.2986606735467554,0.5210622338969113
613,0.6876174588739266,0.2730217939107289
614,-0.05356724439763159,-0.027846909801071483
615,0.6828489319998475,0.27108610838877145
616,0.17969697833601014,0.06684190933730452
617,-0.022627183701238205,-0.01528742778073401
618,-1.055547000694713,-0.4345800076266439
619,-1.4836096777017267,-0.6083432574212319
620,-1.3481903023781379,-0.553372544006303
621,0.08310489567565629,0.027632337727734956
622,-1.6153950291326857,-0.6618388134927791
623,-1.825047293493078,-0.7469428432035004
624,-1.148704754247851,-0.47239548388852637
625,-1.137778780952511,-0.46796030948780176
627,-1.6841914958263502,-0.6897653258219079
628,-1.2670594226823073,-0.520439130111846
629,-0.9054611762187141,-0.3736557504795477
630,-1.0498205757342585,-0.43225548305517064
631,0.33557552783672373,0.13011760420492025
632,-0.5075827423921142,-0.21214517411187686
633,2.076868681254482,0.8369597874536552
634,-0.5112876962993416,-0.2136491240375286
635,-1.41114356774339,-0.5789271287963897
636,-0.7156198104834149,-0.2965935480790613
637,-1.3793484110317342,-0.5660205381153831
638,1.3578168087628804,0.5450754517095764
639,0.14601660511572354,0.05317005374370013
640,-1.2610564564826248,-0.5180023493054529
641,1.7786069863596972,0.7158865797717099
642,0.19663993428560383,0.0737195542362073
644,1.3005485414843112,0.5218285751026112
645,0.30446473670942775,0.11748881767357075
646,0.2653254054460311,0.10160101020886322
647,2.619745014160838,1.057329282177979
648,0.8946880415589801,0.35707784298230977
649,0.02509958862735735,0.004086274967677515
650,0.4255070063101682,0.16662344037741536
651,4.042220770451945,1.6347540927112907
652,1.8975459084485338,0.7641673917633681
653,0.8890729445352081,0.3547985096996593
654,3.558093727199137,1.438232665201565
655,2.183569969989528,0.8802729835900437
656,1.8000715944095238,0.7245996964498169
657,4.666284213168896,1.8880798267899925
658,-0.8913505244035166,-0.36792782125835927
659,2.4263202263714034,0.9788124632109052
660,-1.0835046318547275,-0.44592883364644414
661,2.1438904577246456,0.8641659007450302
662,-0.947710725217043,-0.3908060869387691
663,2.081783025452287,0.8389546645225705
664,0.3844277585527595,0.14994816366477776
665,-2.8779801543144807,-1.1743593070519516
667,-0.29855195670589824,-0.12729342090154547
669,-0.08375859487408727,-0.04010246828880753
670,-1.039953953906219,-0.4282503306197336
671,0.07993377550239027,0.02634508663953309
672,-2.117585682892879,-0.8656927925968955
673,0.3015065923036194,0.11628801972288533
674,-2.2082990487783456,-0.9025160199015406
675,-0.10943206262615886,-0.05052408509802871
676,-1.0124147433043977,-0.417071353829679
678,-7.5343514491669525,-3.0645175756985354
679,-2.8804663621023683,-1.175368532027856
680,-0.522156020661947,-0.21806089703832462
681,-0.2802848253971699,-0.11987825421889378
682,-3.436439656808902,-1.4010544693365845
683,-2.9745184611252613,-1.2135470494601348
684,2.48264104318433,1.0016747417653595
685,-0.07763933907409544,-0.03761848210817273
686,-0.031125793553762233,-0.018737263858563058
687,-3.0448011621439717,-1.2420768680809544
688,-2.896728972738212,-1.1819700047233648
689,-1.110286826940245,-0.456800515539458
690,-0.5549233988476863,-0.2313621410538337
691,0.5142231800791737,0.20263594857184314
692,-0.6048044272793709,-0.251610319811179
693,-0.6782051603493936,-0.2814058394877128
694,0.9969468541695236,0.3985877072002843
695,-0.2681489131643522,-0.1149519299629677
696,-3.022273477994747,-1.232932217499677
697,0.7835423208677714,0.3119605209978249
698,-0.16740372138147347,-0.07405648902480529
699,0.24664050936906157,0.0940162605009246
700,-0.6597117950544437,-0.27389883776600865
701,-0.06075032482402763,-0.03076273373403731
702,-0.9462090402313017,-0.390196508768781
703,-1.0157496558545873,-0.4184250930684125
704,-0.17075259335141652,-0.07541589480321137
705,2.1624990534348023,0.8717196778865433
707,1.080658123978386,0.4325685774506966
708,0.044800724406193905,0.012083546305395612
709,2.4233928302950205,0.9776241469128695
710,-0.6577732301488315,-0.273111917167623
712,-2.2647815405260987,-0.9254439270744071
713,0.5096224134370203,0.20076836186964156
714,0.05400228461118191,0.01581873063769626
715,0.6306904627944424,0.24991344933610282
716,-1.5576887300866509,-0.6384141268885483
717,-3.3490629373841356,-1.365585685116024
718,0.7306720534380005,0.290498922078853
719,-1.2768500762637054,-0.524413444798218
720,-2.3036060986207763,-0.9412039588378384
721,-1.3748458781198012,-0.5641928273778928
722,-2.426548464767509,-0.9911098866997584
723,-0.07836951044968771,-0.03791488017776621
724,-1.3638014930334934,-0.5597095861432259
725,-0.7360988489889742,-0.30490659304779183
726,-1.1499540305654024,-0.4729026019450384
727,-0.5090186819717855,-0.2127280642849163
728,-3.2256409065662495,-1.315485047234875
729,-0.6309735298552346,-0.26223312939500887
730,-0.8534385176585741,-0.3525382209682887
731,-1.7236141390312867,-0.7057681379490442
732,-0.8907630412842413,-0.3676893445550912
733,-0.4392787050708106,-0.18441855337019966
734,-1.0033465500531484,-0.413390307072415
735,-0.7015820867611776,-0.29089522251900657
736,0.508642472046607,0.20037057479369974
737,-1.2971951457758124,-0.5326721078062583
738,-1.7944858344806882,-0.7345370467589533
739,-1.3619275627459424,-0.5589489026402162
740,-0.40855382256739414,-0.17194641851677248
741,-0.05026894814597545,-0.02650803419649807
742,-1.5431740476744111,-0.6325221897467223
743,-2.6447912497491863,-1.079701061776712
744,-1.3514628458311355,-0.5547009657913154
745,1.4919861188617167,0.5995387268273219
746,0.2728895781041274,0.10467153070429208
747,-0.6390155727822693,-0.26549763150895106
748,-2.9869765656224123,-1.218604161046787
749,-0.7430261199094017,-0.30771857636705074
750,5.521096621728978,2.235073363144729
751,-4.5866415409081736,-1.8679552949315072
752,0.5892406354868857,0.23308774346811023
753,0.6091198638576004,0.24115730783484332
754,-0.7175212747656405,-0.2973654084415625
755,-1.48541603359742,-0.6090765104880862
756,-1.7607315183398349,-0.7208351755557966
758,-1.3223583229525053,-0.5428865826395957
759,-0.11697637744126314,-0.053586544710045994
760,-1.53664209979303,-0.6298706796938168
761,-0.9574836506934241,-0.39477320526510823
762,-1.147208521965486,-0.47178811913145585
763,0.8749457092018726,0.3490638487399675
764,0.0005616590736619381,-0.005874393437923555
765,-0.45856287533057427,-0.19224656612141125
767,-0.2787806313672302,-0.11926765755395805
768,-2.3648600424155193,-0.966068738946512
769,-0.5146632060956378,-0.21501934289430663
770,-1.0426706521051248,-0.4293531184428944
771,-1.9871899239258688,-0.8127613130388954
772,-0.4399315283860126,-0.18468355358368316
773,-0.4472564143865097,-0.18765694057626228
774,0.5847002610490135,0.23124467174056504
775,-1.0699164488711745,-0.44041298991408584
778,0.6922350580049156,0.2748962134159738
779,-1.414810466094546,-0.5804156308508515
780,-0.7426034829172015,-0.30754701556254055
781,-1.1120679090496761,-0.45752350923199303
782,-0.06010526616353475,-0.030500885422619237
783,-1.4136092826452895,-0.5799280351062244
785,-1.1596773547585488,-0.47684958564943597
786,-0.5361295343402762,-0.22373315785015854
787,-0.16660939508352784,-0.07373404858245372
789,0.21586067250969498,0.08152181805565822
790,-0.8495638073352352,-0.35096536191291955
791,-0.22044971987058348,-0.09558942235717226
792,1.2665536439025447,0.5080290448059179
793,0.288083362697076,0.11083913542519241
794,-0.3640843582634254,-0.15389495304421638
795,-0.9599313245529129,-0.3957667881844036
796,-0.7791251642049671,-0.3223722417955213
797,-1.1331459707659521,-0.46607971536703763
800,-0.43008915599956926,-0.18068824471089187
801,-0.3620094628068048,-0.15305269185936538
802,-0.7109932475080964,-0.29471548988536017
805,-0.14300330257129049,-0.06415164028057123
806,-0.8567267709681616,-0.3538730198468472
808,-1.6963739198437366,-0.6947105305812614
809,-0.95100119284917,-0.39214178467607247
810,-1.3267158906368057,-0.5446554477210321
811,0.13021505543765957,0.046755739272162984
812,0.06324284597801841,0.01956974669042613
813,1.0429004716948362,0.4172416341832364
815,-1.588589588904175,-0.6509576957115054
816,-1.1987105174550776,-0.49269429616550503
818,-0.16785343620213516,-0.07423904151750413
819,-0.39021128442625636,-0.16450064197962985
820,-1.8528955634438007,-0.7582472762870586
821,-1.1465708339945853,-0.4715292628000574
823,-2.4275148880519395,-0.9915021863782868
824,-0.8625059588536459,-0.35621896244379736
825,-0.4767268710340747,-0.1996198670238944
826,-2.3550376769921755,-0.9620815514893766
827,-1.3910743708799833,-0.5707804506226798
828,-0.04002316710976239,-0.022348969869787405
829,-1.7830847233159886,-0.7299089999011911
831,-2.8800185328842005,-1.1751867449567526
832,-0.6724178946890469,-0.2790566178840036
833,-0.1671548425792841,-0.0739554617879161
834,-0.4182024872155557,-0.17586309571265712
835,0.3902421026548364,0.15230837720561938
836,0.9326174302587027,0.37247449911983593
837,0.059817842182008155,0.018179436761247718
840,-1.3601724021286465,-0.5582364312448935
841,-1.0640388633883893,-0.43802710483394947
842,0.30138530788755735,0.11623878680580006
843,-0.9679833047863096,-0.3990353241437156
844,-1.2476206555484524,-0.512548361935569
845,-1.8226745237152329,-0.7459796660573509
846,-1.517746375913487,-0.6222003487705797
847,-1.1431109683052705,-0.47012480140147983
849,-1.9837548120265538,-0.8113668999328371
853,0.1575665510179986,0.0578585170055839
854,-0.4182124699240923,-0.17586714798810704
855,1.1126223815936327,0.4455438111695795
856,0.9450672420058683,0.3775282444349943
859,-0.34112783136979685,-0.14457622256081012
860,-0.8680346143599957,-0.3584632065682678
862,-0.34874740985846375,-0.14766923391492545
863,0.33295517481506537,0.12905392572718888
864,-1.4330386604194758,-0.5878149918648349
865,-1.2782338665882746,-0.5249751660524808
866,-1.0230482839373212,-0.4213878211987071
869,-1.3899422142981304,-0.5703208749168168
871,-3.6554197740467984,-1.489944949295512
872,-1.8551061624766674,-0.7591446235508504
873,-1.8112181229559763,-0.741329175524524
874,-1.1050489043250087,-0.45467428845944297
875,-2.9064015029319568,-1.1858963696471954
876,-2.1406347043766116,-0.8750490693589852
877,-2.2914509811135444,-0.9362698385953089
878,-1.3616669979549445,-0.5588431317162422
879,-4.345150206912246,-1.7699268489904585
880,-2.6523162482003357,-1.0827556803076088
881,-1.710606875913469,-0.700488106702012
882,0.1617931213433038,0.05957420640028991
883,-0.27405048755239686,-0.11734755284637631
885,-0.6299851911946004,-0.26183193361973084
886,-1.1760847028103076,-0.48350981152551203
887,0.012341848725330617,-0.0010924674560024883
888,-0.5123509151897518,-0.21408071590377686
889,-0.3538504032186129,-0.14974068923576667
890,-1.627020112047449,-0.6665577770812998
892,-2.7949602714865955,-1.1406590911429086
893,-0.32965194184234214,-0.1399178209629022
894,-1.426443169619057,-0.5851376878693446
895,-2.0982593057649845,-0.857847646834646
896,0.8372483450429702,0.3337613781981744
898,-0.4582378445371754,-0.19211462654812447
900,0.7215806826906521,0.28680846689319606
901,-0.8472613130839195,-0.35003071167305433
902,1.9494202273748216,0.7852247058476908
903,-0.39587048737390196,-0.16679787915598357
904,-0.03548631604488364,-0.020507328383126206
905,0.5246989931036615,0.20688838965851525
906,-0.3987386960628843,-0.16796216955002435
908,-0.8906294049856702,-0.3676350976450532
909,0.37421534689377534,0.14580264495122694
914,-1.7077793867491824,-0.699340345562497
915,1.3672817808675528,0.5489175626911327
916,-1.7752892404156326,-0.7267445837648555
919,0.5544451337635771,0.2189632243674267
921,1.9878440004815172,0.800822047178806
922,1.3950126253438837,0.5601743293157001
923,1.9258779105794186,0.7756681859878762
924,-0.8355330815178906,-0.3452698770085941
925,-1.557655819677579,-0.6384007675840829
926,-2.017468122176281,-0.8250521255963057
928,-2.494844295491096,-1.0188331761416856
929,-0.8424986289330942,-0.3480973978845714
930,-3.167790061317413,-1.2920016850691123
931,-3.4759472554824775,-1.4170917673909262
932,-0.6034643864923422,-0.25106635778290903
933,-0.5733629444489006,-0.23884729577651465
934,-2.2392693410760396,-0.915087773819361
936,0.7345772280689423,0.29208414749404776
937,-0.19908629527051808,-0.08691737902182632
938,-1.618139901935709,-0.6629530382176744
939,-1.2401912461642053,-0.5095325458226402
940,-2.0239193710411465,-0.8276708775413025
941,-0.09020336237537592,-0.04271858925741072
942,0.19659459034704008,0.07370114779587379
943,-0.012191611216401601,-0.011051321514448896
944,-0.8568873940123158,-0.35393822147185056
945,1.5340010464275884,0.6165938235359996
946,-0.9192012820440221,-0.3792332641684787
947,-0.9178402560006376,-0.3786807836065032
948,-2.23197117364625,-0.9121252326816657
949,-0.6502870817472373,-0.27007306901622424
950,-1.4735240112847812,-0.6042491883348866
951,-1.0023828238598362,-0.4129991022226183
952,-0.9936708245152444,-0.40946264506426666
953,-0.13648887267363813,-0.061507241293278656
954,-0.219985369562317,-0.09540092888894545
955,-0.38064087607285735,-0.16061573131894025
956,0.08281486527691267,0.027514605845625352
958,0.0933012156127943,0.03177132433738375
959,0.3059010440166195,0.1180718571180427
960,-0.015484722212148352,-0.01238809227090957
961,0.7230510416547828,0.28740532890825976
962,-0.17900338528639,-0.078765134288476
963,0.40042361508747704,0.1564413530130165
965,0.2560394835062918,0.09783158096343166
966,1.411741973234767,0.5669652644114419
967,-0.7500958709623149,-0.31058839656904136
968,0.3951817253882023,0.15431351557673417
969,1.1315526486026757,0.45322816416659795
971,-0.22571563726356952,-0.09772701334210203
972,-0.11071087497053034,-0.05104319269785289
974,-1.178540686789804,-0.484506767767305
975,-0.3213801770736289,-0.13656006798663786
976,-0.03361841023227878,-0.019749090391956745
977,-1.6321534232172574,-0.6686415392941361
978,-1.4137379691432659,-0.5799802727463975
979,-0.547909824004641,-0.22851512443017902
980,-0.5255620503788091,-0.21944350482986819
982,-0.23314447408167016,-0.10074259703356621
983,-0.07936429487800008,-0.03831869248001413
984,-0.9209023725655262,-0.37992378691920775
985,-0.3650395190996869,-0.15428268096328138
986,-0.43790142243063546,-0.18385947377672557
988,-3.0444066408174484,-1.2419167202533294
989,-0.5451721472573181,-0.22740382079626253
990,-0.8624606312825925,-0.3562005626475184
991,-1.4123960703191303,-0.5794355564861348
993,0.7820927421772391,0.31137209430792745
995,-0.050695791287166246,-0.026681302400781686
996,-0.5163819967214975,-0.2157170506387755
997,-0.5637279315641539,-0.2349361602335323
998,-0.3063738397127932,-0.13046855361877804
999,0.14830030930167554,0.054097076542546065
1000,-0.2071790759938157,-0.09020247710182583
1001,-0.6590697559746708,-0.2736382151913509
1005,0.3590886415292605,0.13966226966506234
1006,-0.3140440122144821,-0.1335821025730979
1007,1.4866969372674022,0.5973916922177926
1008,0.04479166099302656,0.01207986719901521
1009,-0.8071962206098389,-0.3337671104633117
1010,0.016410887566903558,0.0005592752691417893
1011,-0.8336697824274507,-0.3445135090216489
1012,0.45618720839994165,0.17907743813481947
1013,-1.402865750170934,-0.5755669188087923
1014,-2.446304156402344,-0.9991293038664469
1015,-0.714630026368189,-0.29619176555118654
1016,-0.4213979339641233,-0.1771602216743479
1017,0.12164981313454341,0.0432788551198846
1018,-1.051326852936341,-0.432866925341042
1019,0.8819454736515222,0.35190525931813804
1020,1.2412745724510663,0.49776752507261374
1021,0.8057919475849138,0.32099229987684125
1022,0.37123892788039176,0.14459442879902207
1023,-0.767064562330548,-0.31747648823244334
1024,-0.09054657998069818,-0.04285791139337571
1025,-1.5232055967746376,-0.6244164073272672
1028,-1.107930555237822,-0.45584403544809665
1029,-0.6267832203358827,-0.26053215932955315
1030,-0.0629125592934491,-0.03164044839687954
1032,-1.0544477757409325,-0.4341337998386637
1033,-0.35997348453967726,-0.152226228308091
1034,-1.0168483259704337,-0.4188710756313318
1035,-2.3954071562370727,-0.9784687122555407
1036,-1.415354462872243,-0.5806364551671206
1037,-1.7711599934392723,-0.7250684007842845
1038,-0.11933495942445241,-0.05454396261242297
1039,0.9542942845069995,0.3812737727819169
1040,-0.9001460988492896,-0.37149820401210426
1041,-0.2741311496010036,-0.11738029594792161
1042,-0.055673699673195284,-0.02870198204607103
1044,-0.8998664007704168,-0.37138466632298345
1045,0.3159220574971662,0.12213968167305907
1046,-1.1524947541981194,-0.47393395650820114
1047,-1.5139393616142687,-0.6206549695254843
1048,-0.6617195240978743,-0.27471383412526323
1049,-0.9749400164630748,-0.4018592583331915
1050,0.4446587279477142,0.1743976883314055
1051,-0.4246493898924416,-0.1784800834119299
1052,-1.5930180255633037,-0.6527553285973715
1053,-0.19326180670445076,-0.08455304754423129
1054,-0.16155558988352958,-0.07168256018472524
1055,-0.21466771021849432,-0.09324233432203803
1056,-0.2637807625561777,-0.11317876896099564
1057,-1.035828169045005,-0.426575553013682
1058,0.18983233792967624,0.07095615034786411
1059,-0.4861220134080311,-0.20343363206081855
1060,0.326661907581635,0.1264993031799661
1061,-0.20053074127681572,-0.08750372220400238
1062,0.8811420181484321,0.35157911306250456
1063,0.28997927475519814,0.11160874197638129
1065,1.8316077016790768,0.7374011313316029
1066,0.42270924372292773,0.16548774613116213
1067,-1.2028242362453743,-0.494364175797948
1068,-0.1300777744993191,-0.05890478769627054
1069,-0.6401300761769576,-0.2659500412661441
1070,0.22326029431579655,0.08452554251318209
1071,-0.4632134957065846,-0.1941343899226983
1073,1.0727146903491251,0.42934410375539855
1074,-2.7226063556781774,-1.1112885054283574
1076,-1.2050443463632676,-0.4952653838913148
1078,-0.7755900552899412,-0.3209372369552309
1079,-0.9876594243728085,-0.40702244067207627
1084,0.04538678011554312,0.012321443580928286
1085,-0.3548310103399593,-0.15013874655150428
1086,-0.12318121977563734,-0.05610527298606018
1087,-0.1884111178022367,-0.08258401003485402
1088,-0.26898792538471067,-0.1152925097375143
1089,-1.4464126324226785,-0.5932438810503787
1090,-1.0964160154165292,-0.45116994455742027
1091,-2.6835820523100837,-1.0954473911746645
1092,-0.42952964375343,-0.18046112220895172
1093,-0.6133725241258909,-0.25508836270670965
1094,-0.043895279264398075,-0.023920774251947066
1095,-0.2790119373625496,-0.1193615514709066
1097,-0.062048227910169104,-0.03128959082829099
1098,0.1983379265941394,0.07440881933103012
1099,0.284608965695752,0.10942877533902975
1101,0.27846131901617144,0.10693326446407597
1103,0.6465726691479207,0.25636050472804817
1105,-0.5899803966549436,-0.24559280911773262
1107,0.16699781599916408,0.06168694527281719
1109,-0.3069816720287778,-0.13071529066040508
1110,-0.06106858029120336,-0.0308919230028332
1112,-0.1429343841466289,-0.06412366426191048
1113,-0.25207331438802083,-0.10842637088993629
1114,0.17270481883319755,0.06400358583106967
1115,-0.4418648860225284,-0.185468360398155
1116,-0.7672125429805391,-0.3175365579372561
1117,0.5250317338481916,0.20702345892807378
1118,-0.00773277399169311,-0.009241348143521877
1119,0.219218535175239,0.08288487342224252
1120,-0.3576979633499064,-0.15130252722843682
1121,0.4317550036154124,0.169159686527297
1124,-0.233874723448971,-0.10103902676229157
1126,0.8538672347060465,0.3405074750455445
1127,-0.6549762288650722,-0.2719765319568781
1128,-0.008975721335659057,-0.009745897083226648
1129,0.30026248189008375,0.11578299865898233
1131,0.48540256208838983,0.19093681077692412
1132,-1.6490282820913502,-0.6754915415841964
1133,-1.6114741685132459,-0.6602472206727997
1134,-0.06341162897107681,-0.03184303547983867
1135,-0.5109841398050898,-0.2135259015148218
1136,0.11585785994791813,0.04092773071118116
1137,1.1803780381002507,0.4730478279852358
1139,-1.098027005593801,-0.4518238929243911
1140,-1.0419930611821138,-0.429078064327836
1142,0.21786446625174039,0.08233521696016062
1143,0.4033424327203464,0.15762618706813974
1147,0.31421901540533514,0.12144836672244802
1149,-0.22040010748496405,-0.09556928322844566
1152,0.32228891956298755,0.12472417853059023
1153,-0.019475340210716008,-0.014008001665880085
1154,-0.5282866688441996,-0.22054950772249796
1157,-0.9670088817660641,-0.39863977713677645
1159,-0.08653427725321851,-0.041229199528185156
1160,-0.2974694591303263,-0.1268540032491089
1161,-0.3806562934785598,-0.16062198969805655
1163,-0.5435200338813757,-0.22673317931160875
1165,-0.7388158581163253,-0.3060095070859675
1166,0.08960465668564027,0.03027078218142991
1167,0.008876020040658421,-0.0024993494100441754
1168,-0.5130981175744311,-0.21438402736163145
1169,0.5113858963602709,0.2014842115340968
1170,-0.94965662424987,-0.3915959846754284
1171,0.6231773741259998,0.24686366533682627
1172,-0.7988711735511487,-0.3303877286360397
1176,0.14782188604793903,0.05390287045121427
1178,-0.39956003721219047,-0.1682955761163042
1180,-0.40355048681573197,-0.16991541715477326
1181,-0.8369343107439352,-0.3458386772266534
1182,-0.5152380683341242,-0.21525269641029643
1183,-0.6906565374055482,-0.2864602202078982
1184,-0.6572955028604082,-0.2729179935891125
1185,-0.6895621931838621,-0.286015993652844
1187,0.16200806701186704,0.05966145917869135
1188,-0.8485308171759096,-0.35054604077904905
1190,-0.6601218925652514,-0.27406530842565335
1192,-0.3790297028356715,-0.159961708642558
1193,0.27451991016005206,0.10533333050955078
1194,0.6513809667921283,0.2583123343771056
1195,0.06620899486539546,0.020773793895963726
1197,-0.0245352590239982,-0.01606197175932573
1199,-0.5482127397469397,-0.2286380868527938
1203,1.440064474332795,0.5784622018868469
1204,-0.13821950177612102,-0.062209754624128075
1206,-0.36303767698577327,-0.15347007428212567
1207,-0.5522884915433659,-0.23029255456405268
1208,-0.24841752273422818,-0.10694237737109807
1209,-0.7303216234538318,-0.30256144702664933
1210,-0.8208901442261081,-0.3393258774332309
1211,0.47165480090919704,0.1853561895543519
1215,-1.4217786854852605,-0.5832442363603955
1217,-0.6054084944475349,-0.2518555284683978
1218,0.20463648341524004,0.07696558907770062
1219,-0.3488403987011865,-0.14770698082530576
1220,-0.2192026585985741,-0.09508320345289302
1221,0.1172082257745732,0.04147588397717425
1222,-0.44322644060713523,-0.18602105551058157
1224,-0.3738522830034551,-0.15786004142436663
1225,-0.8269888936678929,-0.3418015394790254
1226,-1.115725003107246,-0.45900803143488866
1228,-0.7911913746048914,-0.3272702720243089
1229,-0.9442041062876262,-0.3893826470228507
1230,-0.4621843296320449,-0.19371662109748622
1231,-0.3990030371718124,-0.16806947339268313
1232,-0.23117120169561617,-0.09994158764651086
1239,-0.07038206612438343,-0.034672541244546225
1240,0.3028713650077015,0.11684202116480119
1244,-0.7734381497789533,-0.3200637151208711
1245,0.11493130121826493,0.04055161322970438
1248,-0.5643546676343831,-0.2351905708658443
1249,-0.09377291983974326,-0.044167577778609995
1254,-0.4381981508867148,-0.18397992459760862
1258,-0.9278618159627537,-0.382748829994486
1263,-0.0094501953974081,-0.009938500081201639
1265,0.033763911586736126,0.007603378876895112
1266,0.138701399214106,0.05020059618839735
1267,-1.3110736743649694,-0.5383058113724758
1268,-0.05798717061702942,-0.02964108804876368
1269,0.46053972496020973,0.1808442528162231
1273,-0.2560751267065958,-0.11005082438914246
1274,-0.6147144564214767,-0.25563309255402
1277,0.018008380984579304,0.001207744903826274
1278,0.5280778343025657,0.20825996082974307
1280,-1.1579408066882269,-0.476144669635189
1281,-0.4961446152192165,-0.2075021013660277
1283,-1.3129102786204636,-0.539051343139582
1284,-0.9837584986004158,-0.4054389399937227
1285,-0.2510647211855089,-0.1080169531994836
1286,0.4866998605143674,0.19146342242180614
1291,-0.308861397798437,-0.13147832672031662
1296,0.3278461603587881,0.12698002626606927
1297,-0.5415548482022349,-0.22593545255709493
1303,-0.9656593340606868,-0.39809195597030894
1311,-0.13906497190802997,-0.06255295585520002
1313,0.026204912307458306,0.004534958408317935
1314,-0.8344855305087198,-0.3448446451968607
1315,-0.32709172424875776,-0.138878553226801
1335,-0.0021694933526456477,-0.0069830486577567115
1336,-0.04324976147600999,-0.023658739566992062
1375,0.17773173719712448,0.06604416007004665
1400,-0.6995441878545072,-0.29006797932356654
1401,0.1651613311023765,0.0609414619569259
1404,-0.34746509758729105,-0.1471487055917173
1407,-0.9026222369990237,-0.37250334142526653
1411,-0.03206929698307237,-0.019120259692760915
1419,-0.764984647557321,-0.3166321895591307
1421,-0.08894799643287275,-0.042208999242752135
1425,-0.18200055817106192,-0.07998177504837171
1428,0.540856290540949,0.21344711262457947
1434,-0.12168690175924053,-0.05549868528593361
1444,-1.5851738912558915,-0.6495711634218152
1446,-0.3671352718916733,-0.15513340875493994
1451,-0.10531562540262407,-0.048853101973459094
1469,-0.14285798265189767,-0.06409265064468395
1478,-1.0767915241935522,-0.44320378550260037
1480,-0.5992334032902134,-0.24934887707151268
1483,0.010221517237639874,-0.0019531724642480454
1503,-0.009698473610165622,-0.010039283521149224
1518,-0.17598223203231195,-0.07753875919026229
1540,-0.015463994822722907,-0.012379678412986928
1615,-0.30579570053810357,-0.13023386989785654
