protocol,split,segment,fold,ratio,r_svd,coverage
fullcatalog,n/a,new,0,10_90,0.1,0.026041666666666668
fullcatalog,n/a,new,0,20_80,0.2,0.033854166666666664
fullcatalog,n/a,new,0,30_70,0.3,0.03732638888888889
fullcatalog,n/a,new,0,40_60,0.4,0.043402777777777776
fullcatalog,n/a,new,0,50_50,0.5,0.050347222222222224
fullcatalog,n/a,new,0,60_40,0.6,0.0546875
fullcatalog,n/a,new,0,70_30,0.7,0.059895833333333336
fullcatalog,n/a,new,0,80_20,0.8,0.06597222222222222
fullcatalog,n/a,new,0,90_10,0.9,0.06944444444444445
testonly,val_inner,new,0,10_90,0.1,0.0213903743315508
testonly,val_inner,new,0,20_80,0.2,0.0213903743315508
testonly,val_inner,new,0,30_70,0.3,0.0427807486631016
testonly,val_inner,new,0,40_60,0.4,0.0481283422459893
testonly,val_inner,new,0,50_50,0.5,0.058823529411764705
testonly,val_inner,new,0,60_40,0.6,0.06417112299465241
testonly,val_inner,new,0,70_30,0.7,0.0962566844919786
testonly,val_inner,new,0,80_20,0.8,0.20855614973262032
testonly,val_inner,new,0,90_10,0.9,0.28342245989304815
testonly,test_final,new,0,10_90,0.1,0.03125
testonly,test_final,new,0,20_80,0.2,0.03125
testonly,test_final,new,0,30_70,0.3,0.03125
testonly,test_final,new,0,40_60,0.4,0.036458333333333336
testonly,test_final,new,0,50_50,0.5,0.041666666666666664
testonly,test_final,new,0,60_40,0.6,0.0625
testonly,test_final,new,0,70_30,0.7,0.15625
testonly,test_final,new,0,80_20,0.8,0.23958333333333334
testonly,test_final,new,0,90_10,0.9,0.3333333333333333
fullcatalog,n/a,trend,0,10_90,0.1,0.043402777777777776
fullcatalog,n/a,trend,0,20_80,0.2,0.044270833333333336
fullcatalog,n/a,trend,0,30_70,0.3,0.049479166666666664
fullcatalog,n/a,trend,0,40_60,0.4,0.059895833333333336
fullcatalog,n/a,trend,0,50_50,0.5,0.0642361111111111
fullcatalog,n/a,trend,0,60_40,0.6,0.06770833333333333
fullcatalog,n/a,trend,0,70_30,0.7,0.07291666666666667
fullcatalog,n/a,trend,0,80_20,0.8,0.07465277777777778
fullcatalog,n/a,trend,0,90_10,0.9,0.07899305555555555
testonly,val_inner,trend,0,10_90,0.1,0.011299435028248588
testonly,val_inner,trend,0,20_80,0.2,0.01694915254237288
testonly,val_inner,trend,0,30_70,0.3,0.025423728813559324
testonly,val_inner,trend,0,40_60,0.4,0.031073446327683617
testonly,val_inner,trend,0,50_50,0.5,0.0480225988700565
testonly,val_inner,trend,0,60_40,0.6,0.07909604519774012
testonly,val_inner,trend,0,70_30,0.7,0.1384180790960452
testonly,val_inner,trend,0,80_20,0.8,0.2457627118644068
testonly,val_inner,trend,0,90_10,0.9,0.403954802259887
testonly,test_final,trend,0,10_90,0.1,0.0125
testonly,test_final,trend,0,20_80,0.2,0.0125
testonly,test_final,trend,0,30_70,0.3,0.0125
testonly,test_final,trend,0,40_60,0.4,0.025
testonly,test_final,trend,0,50_50,0.5,0.0375
testonly,test_final,trend,0,60_40,0.6,0.075
testonly,test_final,trend,0,70_30,0.7,0.1425
testonly,test_final,trend,0,80_20,0.8,0.2725
testonly,test_final,trend,0,90_10,0.9,0.375
fullcatalog,n/a,regular,0,10_90,0.1,0.07899305555555555
fullcatalog,n/a,regular,0,20_80,0.2,0.09461805555555555
fullcatalog,n/a,regular,0,30_70,0.3,0.1076388888888889
fullcatalog,n/a,regular,0,40_60,0.4,0.12152777777777778
fullcatalog,n/a,regular,0,50_50,0.5,0.1345486111111111
fullcatalog,n/a,regular,0,60_40,0.6,0.1440972222222222
fullcatalog,n/a,regular,0,70_30,0.7,0.1605902777777778
fullcatalog,n/a,regular,0,80_20,0.8,0.16927083333333334
fullcatalog,n/a,regular,0,90_10,0.9,0.1814236111111111
testonly,val_inner,regular,0,10_90,0.1,0.005687203791469194
testonly,val_inner,regular,0,20_80,0.2,0.006635071090047393
testonly,val_inner,regular,0,30_70,0.3,0.01042654028436019
testonly,val_inner,regular,0,40_60,0.4,0.015165876777251185
testonly,val_inner,regular,0,50_50,0.5,0.025592417061611375
testonly,val_inner,regular,0,60_40,0.6,0.05118483412322275
testonly,val_inner,regular,0,70_30,0.7,0.11469194312796209
testonly,val_inner,regular,0,80_20,0.8,0.21800947867298578
testonly,val_inner,regular,0,90_10,0.9,0.3345971563981043
testonly,test_final,regular,0,10_90,0.1,0.005550416281221091
testonly,test_final,regular,0,20_80,0.2,0.005550416281221091
testonly,test_final,regular,0,30_70,0.3,0.010175763182238668
testonly,test_final,regular,0,40_60,0.4,0.013876040703052728
testonly,test_final,regular,0,50_50,0.5,0.02682701202590194
testonly,test_final,regular,0,60_40,0.6,0.03885291396854764
testonly,test_final,regular,0,70_30,0.7,0.11008325624421832
testonly,test_final,regular,0,80_20,0.8,0.21646623496762257
testonly,test_final,regular,0,90_10,0.9,0.3422756706753006
fullcatalog,n/a,new,1,10_90,0.1,0.021701388888888888
fullcatalog,n/a,new,1,20_80,0.2,0.028645833333333332
fullcatalog,n/a,new,1,30_70,0.3,0.035590277777777776
fullcatalog,n/a,new,1,40_60,0.4,0.04513888888888889
fullcatalog,n/a,new,1,50_50,0.5,0.051215277777777776
fullcatalog,n/a,new,1,60_40,0.6,0.057291666666666664
fullcatalog,n/a,new,1,70_30,0.7,0.059895833333333336
fullcatalog,n/a,new,1,80_20,0.8,0.06770833333333333
fullcatalog,n/a,new,1,90_10,0.9,0.07378472222222222
testonly,val_inner,new,1,10_90,0.1,0.022988505747126436
testonly,val_inner,new,1,20_80,0.2,0.034482758620689655
testonly,val_inner,new,1,30_70,0.3,0.034482758620689655
testonly,val_inner,new,1,40_60,0.4,0.040229885057471264
testonly,val_inner,new,1,50_50,0.5,0.05172413793103448
testonly,val_inner,new,1,60_40,0.6,0.07471264367816093
testonly,val_inner,new,1,70_30,0.7,0.14367816091954022
testonly,val_inner,new,1,80_20,0.8,0.21839080459770116
testonly,val_inner,new,1,90_10,0.9,0.28735632183908044
testonly,test_final,new,1,10_90,0.1,0.014218009478672985
testonly,test_final,new,1,20_80,0.2,0.023696682464454975
testonly,test_final,new,1,30_70,0.3,0.023696682464454975
testonly,test_final,new,1,40_60,0.4,0.037914691943127965
testonly,test_final,new,1,50_50,0.5,0.04739336492890995
testonly,test_final,new,1,60_40,0.6,0.061611374407582936
testonly,test_final,new,1,70_30,0.7,0.09004739336492891
testonly,test_final,new,1,80_20,0.8,0.15165876777251186
testonly,test_final,new,1,90_10,0.9,0.25118483412322273
fullcatalog,n/a,trend,1,10_90,0.1,0.030381944444444444
fullcatalog,n/a,trend,1,20_80,0.2,0.03819444444444445
fullcatalog,n/a,trend,1,30_70,0.3,0.04861111111111111
fullcatalog,n/a,trend,1,40_60,0.4,0.05555555555555555
fullcatalog,n/a,trend,1,50_50,0.5,0.0685763888888889
fullcatalog,n/a,trend,1,60_40,0.6,0.07725694444444445
fullcatalog,n/a,trend,1,70_30,0.7,0.0842013888888889
fullcatalog,n/a,trend,1,80_20,0.8,0.09375
fullcatalog,n/a,trend,1,90_10,0.9,0.09722222222222222
testonly,val_inner,trend,1,10_90,0.1,0.014245014245014245
testonly,val_inner,trend,1,20_80,0.2,0.014245014245014245
testonly,val_inner,trend,1,30_70,0.3,0.017094017094017096
testonly,val_inner,trend,1,40_60,0.4,0.03133903133903134
testonly,val_inner,trend,1,50_50,0.5,0.039886039886039885
testonly,val_inner,trend,1,60_40,0.6,0.05698005698005698
testonly,val_inner,trend,1,70_30,0.7,0.1111111111111111
testonly,val_inner,trend,1,80_20,0.8,0.2336182336182336
testonly,val_inner,trend,1,90_10,0.9,0.3646723646723647
testonly,test_final,trend,1,10_90,0.1,0.010075566750629723
testonly,test_final,trend,1,20_80,0.2,0.010075566750629723
testonly,test_final,trend,1,30_70,0.3,0.015113350125944584
testonly,test_final,trend,1,40_60,0.4,0.02518891687657431
testonly,test_final,trend,1,50_50,0.5,0.0327455919395466
testonly,test_final,trend,1,60_40,0.6,0.05793450881612091
testonly,test_final,trend,1,70_30,0.7,0.10831234256926953
testonly,test_final,trend,1,80_20,0.8,0.20654911838790932
testonly,test_final,trend,1,90_10,0.9,0.36272040302267
fullcatalog,n/a,regular,1,10_90,0.1,0.07378472222222222
fullcatalog,n/a,regular,1,20_80,0.2,0.0954861111111111
fullcatalog,n/a,regular,1,30_70,0.3,0.11631944444444445
fullcatalog,n/a,regular,1,40_60,0.4,0.13802083333333334
fullcatalog,n/a,regular,1,50_50,0.5,0.14756944444444445
fullcatalog,n/a,regular,1,60_40,0.6,0.1545138888888889
fullcatalog,n/a,regular,1,70_30,0.7,0.1640625
fullcatalog,n/a,regular,1,80_20,0.8,0.1762152777777778
fullcatalog,n/a,regular,1,90_10,0.9,0.18489583333333334
testonly,val_inner,regular,1,10_90,0.1,0.004734848484848485
testonly,val_inner,regular,1,20_80,0.2,0.005681818181818182
testonly,val_inner,regular,1,30_70,0.3,0.007575757575757576
testonly,val_inner,regular,1,40_60,0.4,0.015151515151515152
testonly,val_inner,regular,1,50_50,0.5,0.021780303030303032
testonly,val_inner,regular,1,60_40,0.6,0.04261363636363636
testonly,val_inner,regular,1,70_30,0.7,0.10227272727272728
testonly,val_inner,regular,1,80_20,0.8,0.21875
testonly,val_inner,regular,1,90_10,0.9,0.3352272727272727
testonly,test_final,regular,1,10_90,0.1,0.0046168051708217915
testonly,test_final,regular,1,20_80,0.2,0.00554016620498615
testonly,test_final,regular,1,30_70,0.3,0.007386888273314866
testonly,test_final,regular,1,40_60,0.4,0.014773776546629732
testonly,test_final,regular,1,50_50,0.5,0.018467220683287166
testonly,test_final,regular,1,60_40,0.6,0.04247460757156048
testonly,test_final,regular,1,70_30,0.7,0.10064635272391505
testonly,test_final,regular,1,80_20,0.8,0.21329639889196675
testonly,test_final,regular,1,90_10,0.9,0.3407202216066482
fullcatalog,n/a,new,2,10_90,0.1,0.026041666666666668
fullcatalog,n/a,new,2,20_80,0.2,0.035590277777777776
fullcatalog,n/a,new,2,30_70,0.3,0.04079861111111111
fullcatalog,n/a,new,2,40_60,0.4,0.044270833333333336
fullcatalog,n/a,new,2,50_50,0.5,0.04861111111111111
fullcatalog,n/a,new,2,60_40,0.6,0.05295138888888889
fullcatalog,n/a,new,2,70_30,0.7,0.059895833333333336
fullcatalog,n/a,new,2,80_20,0.8,0.06770833333333333
fullcatalog,n/a,new,2,90_10,0.9,0.07118055555555555
testonly,val_inner,new,2,10_90,0.1,0.01744186046511628
testonly,val_inner,new,2,20_80,0.2,0.023255813953488372
testonly,val_inner,new,2,30_70,0.3,0.029069767441860465
testonly,val_inner,new,2,40_60,0.4,0.03488372093023256
testonly,val_inner,new,2,50_50,0.5,0.03488372093023256
testonly,val_inner,new,2,60_40,0.6,0.06395348837209303
testonly,val_inner,new,2,70_30,0.7,0.10465116279069768
testonly,val_inner,new,2,80_20,0.8,0.2441860465116279
testonly,val_inner,new,2,90_10,0.9,0.32558139534883723
testonly,test_final,new,2,10_90,0.1,0.010638297872340425
testonly,test_final,new,2,20_80,0.2,0.02127659574468085
testonly,test_final,new,2,30_70,0.3,0.026595744680851064
testonly,test_final,new,2,40_60,0.4,0.031914893617021274
testonly,test_final,new,2,50_50,0.5,0.031914893617021274
testonly,test_final,new,2,60_40,0.6,0.047872340425531915
testonly,test_final,new,2,70_30,0.7,0.13829787234042554
testonly,test_final,new,2,80_20,0.8,0.21808510638297873
testonly,test_final,new,2,90_10,0.9,0.30851063829787234
fullcatalog,n/a,trend,2,10_90,0.1,0.03819444444444445
fullcatalog,n/a,trend,2,20_80,0.2,0.043402777777777776
fullcatalog,n/a,trend,2,30_70,0.3,0.049479166666666664
fullcatalog,n/a,trend,2,40_60,0.4,0.059895833333333336
fullcatalog,n/a,trend,2,50_50,0.5,0.06597222222222222
fullcatalog,n/a,trend,2,60_40,0.6,0.07118055555555555
fullcatalog,n/a,trend,2,70_30,0.7,0.0763888888888889
fullcatalog,n/a,trend,2,80_20,0.8,0.0798611111111111
fullcatalog,n/a,trend,2,90_10,0.9,0.08680555555555555
testonly,val_inner,trend,2,10_90,0.1,0.008241758241758242
testonly,val_inner,trend,2,20_80,0.2,0.013736263736263736
testonly,val_inner,trend,2,30_70,0.3,0.016483516483516484
testonly,val_inner,trend,2,40_60,0.4,0.027472527472527472
testonly,val_inner,trend,2,50_50,0.5,0.03296703296703297
testonly,val_inner,trend,2,60_40,0.6,0.057692307692307696
testonly,val_inner,trend,2,70_30,0.7,0.11263736263736264
testonly,val_inner,trend,2,80_20,0.8,0.2445054945054945
testonly,val_inner,trend,2,90_10,0.9,0.37637362637362637
testonly,test_final,trend,2,10_90,0.1,0.010101010101010102
testonly,test_final,trend,2,20_80,0.2,0.012626262626262626
testonly,test_final,trend,2,30_70,0.3,0.020202020202020204
testonly,test_final,trend,2,40_60,0.4,0.025252525252525252
testonly,test_final,trend,2,50_50,0.5,0.030303030303030304
testonly,test_final,trend,2,60_40,0.6,0.047979797979797977
testonly,test_final,trend,2,70_30,0.7,0.10858585858585859
testonly,test_final,trend,2,80_20,0.8,0.22474747474747475
testonly,test_final,trend,2,90_10,0.9,0.35858585858585856
fullcatalog,n/a,regular,2,10_90,0.1,0.0798611111111111
fullcatalog,n/a,regular,2,20_80,0.2,0.09722222222222222
fullcatalog,n/a,regular,2,30_70,0.3,0.11284722222222222
fullcatalog,n/a,regular,2,40_60,0.4,0.12586805555555555
fullcatalog,n/a,regular,2,50_50,0.5,0.1345486111111111
fullcatalog,n/a,regular,2,60_40,0.6,0.14583333333333334
fullcatalog,n/a,regular,2,70_30,0.7,0.15625
fullcatalog,n/a,regular,2,80_20,0.8,0.1736111111111111
fullcatalog,n/a,regular,2,90_10,0.9,0.18229166666666666
testonly,val_inner,regular,2,10_90,0.1,0.003784295175023652
testonly,val_inner,regular,2,20_80,0.2,0.004730368968779565
testonly,val_inner,regular,2,30_70,0.3,0.007568590350047304
testonly,val_inner,regular,2,40_60,0.4,0.010406811731315043
testonly,val_inner,regular,2,50_50,0.5,0.017975402081362345
testonly,val_inner,regular,2,60_40,0.6,0.03405865657521287
testonly,val_inner,regular,2,70_30,0.7,0.10596026490066225
testonly,val_inner,regular,2,80_20,0.8,0.2194891201513718
testonly,val_inner,regular,2,90_10,0.9,0.3358561967833491
testonly,test_final,regular,2,10_90,0.1,0.0037209302325581397
testonly,test_final,regular,2,20_80,0.2,0.004651162790697674
testonly,test_final,regular,2,30_70,0.3,0.0074418604651162795
testonly,test_final,regular,2,40_60,0.4,0.010232558139534883
testonly,test_final,regular,2,50_50,0.5,0.018604651162790697
testonly,test_final,regular,2,60_40,0.6,0.03813953488372093
testonly,test_final,regular,2,70_30,0.7,0.09209302325581395
testonly,test_final,regular,2,80_20,0.8,0.21302325581395348
testonly,test_final,regular,2,90_10,0.9,0.3330232558139535
fullcatalog,n/a,new,3,10_90,0.1,0.024305555555555556
fullcatalog,n/a,new,3,20_80,0.2,0.034722222222222224
fullcatalog,n/a,new,3,30_70,0.3,0.04079861111111111
fullcatalog,n/a,new,3,40_60,0.4,0.04774305555555555
fullcatalog,n/a,new,3,50_50,0.5,0.05381944444444445
fullcatalog,n/a,new,3,60_40,0.6,0.05642361111111111
fullcatalog,n/a,new,3,70_30,0.7,0.059895833333333336
fullcatalog,n/a,new,3,80_20,0.8,0.0625
fullcatalog,n/a,new,3,90_10,0.9,0.06597222222222222
testonly,val_inner,new,3,10_90,0.1,0.020833333333333332
testonly,val_inner,new,3,20_80,0.2,0.020833333333333332
testonly,val_inner,new,3,30_70,0.3,0.03125
testonly,val_inner,new,3,40_60,0.4,0.036458333333333336
testonly,val_inner,new,3,50_50,0.5,0.041666666666666664
testonly,val_inner,new,3,60_40,0.6,0.0625
testonly,val_inner,new,3,70_30,0.7,0.11458333333333333
testonly,val_inner,new,3,80_20,0.8,0.16666666666666666
testonly,val_inner,new,3,90_10,0.9,0.234375
testonly,test_final,new,3,10_90,0.1,0.015463917525773196
testonly,test_final,new,3,20_80,0.2,0.015463917525773196
testonly,test_final,new,3,30_70,0.3,0.02577319587628866
testonly,test_final,new,3,40_60,0.4,0.02577319587628866
testonly,test_final,new,3,50_50,0.5,0.030927835051546393
testonly,test_final,new,3,60_40,0.6,0.041237113402061855
testonly,test_final,new,3,70_30,0.7,0.08247422680412371
testonly,test_final,new,3,80_20,0.8,0.15463917525773196
testonly,test_final,new,3,90_10,0.9,0.25257731958762886
fullcatalog,n/a,trend,3,10_90,0.1,0.04079861111111111
fullcatalog,n/a,trend,3,20_80,0.2,0.046875
fullcatalog,n/a,trend,3,30_70,0.3,0.05642361111111111
fullcatalog,n/a,trend,3,40_60,0.4,0.059895833333333336
fullcatalog,n/a,trend,3,50_50,0.5,0.06336805555555555
fullcatalog,n/a,trend,3,60_40,0.6,0.06684027777777778
fullcatalog,n/a,trend,3,70_30,0.7,0.07118055555555555
fullcatalog,n/a,trend,3,80_20,0.8,0.07465277777777778
fullcatalog,n/a,trend,3,90_10,0.9,0.08072916666666667
testonly,val_inner,trend,3,10_90,0.1,0.008241758241758242
testonly,val_inner,trend,3,20_80,0.2,0.01098901098901099
testonly,val_inner,trend,3,30_70,0.3,0.016483516483516484
testonly,val_inner,trend,3,40_60,0.4,0.02197802197802198
testonly,val_inner,trend,3,50_50,0.5,0.038461538461538464
testonly,val_inner,trend,3,60_40,0.6,0.06318681318681318
testonly,val_inner,trend,3,70_30,0.7,0.12087912087912088
testonly,val_inner,trend,3,80_20,0.8,0.2445054945054945
testonly,val_inner,trend,3,90_10,0.9,0.3901098901098901
testonly,test_final,trend,3,10_90,0.1,0.007614213197969543
testonly,test_final,trend,3,20_80,0.2,0.01015228426395939
testonly,test_final,trend,3,30_70,0.3,0.012690355329949238
testonly,test_final,trend,3,40_60,0.4,0.02030456852791878
testonly,test_final,trend,3,50_50,0.5,0.03299492385786802
testonly,test_final,trend,3,60_40,0.6,0.06852791878172589
testonly,test_final,trend,3,70_30,0.7,0.11928934010152284
testonly,test_final,trend,3,80_20,0.8,0.2233502538071066
testonly,test_final,trend,3,90_10,0.9,0.3756345177664975
fullcatalog,n/a,regular,3,10_90,0.1,0.06770833333333333
fullcatalog,n/a,regular,3,20_80,0.2,0.08333333333333333
fullcatalog,n/a,regular,3,30_70,0.3,0.09809027777777778
fullcatalog,n/a,regular,3,40_60,0.4,0.1076388888888889
fullcatalog,n/a,regular,3,50_50,0.5,0.12239583333333333
fullcatalog,n/a,regular,3,60_40,0.6,0.1284722222222222
fullcatalog,n/a,regular,3,70_30,0.7,0.1388888888888889
fullcatalog,n/a,regular,3,80_20,0.8,0.1484375
fullcatalog,n/a,regular,3,90_10,0.9,0.1597222222222222
testonly,val_inner,regular,3,10_90,0.1,0.003766478342749529
testonly,val_inner,regular,3,20_80,0.2,0.003766478342749529
testonly,val_inner,regular,3,30_70,0.3,0.006591337099811676
testonly,val_inner,regular,3,40_60,0.4,0.011299435028248588
testonly,val_inner,regular,3,50_50,0.5,0.017890772128060263
testonly,val_inner,regular,3,60_40,0.6,0.035781544256120526
testonly,val_inner,regular,3,70_30,0.7,0.09792843691148775
testonly,val_inner,regular,3,80_20,0.8,0.20056497175141244
testonly,val_inner,regular,3,90_10,0.9,0.3088512241054614
testonly,test_final,regular,3,10_90,0.1,0.0037174721189591076
testonly,test_final,regular,3,20_80,0.2,0.004646840148698885
testonly,test_final,regular,3,30_70,0.3,0.007434944237918215
testonly,test_final,regular,3,40_60,0.4,0.012081784386617101
testonly,test_final,regular,3,50_50,0.5,0.017657992565055763
testonly,test_final,regular,3,60_40,0.6,0.03717472118959108
testonly,test_final,regular,3,70_30,0.7,0.09293680297397769
testonly,test_final,regular,3,80_20,0.8,0.20260223048327136
testonly,test_final,regular,3,90_10,0.9,0.31970260223048325
fullcatalog,n/a,new,4,10_90,0.1,0.021701388888888888
fullcatalog,n/a,new,4,20_80,0.2,0.030381944444444444
fullcatalog,n/a,new,4,30_70,0.3,0.04079861111111111
fullcatalog,n/a,new,4,40_60,0.4,0.046875
fullcatalog,n/a,new,4,50_50,0.5,0.051215277777777776
fullcatalog,n/a,new,4,60_40,0.6,0.0546875
fullcatalog,n/a,new,4,70_30,0.7,0.059027777777777776
fullcatalog,n/a,new,4,80_20,0.8,0.0642361111111111
fullcatalog,n/a,new,4,90_10,0.9,0.06770833333333333
testonly,val_inner,new,4,10_90,0.1,0.021621621621621623
testonly,val_inner,new,4,20_80,0.2,0.02702702702702703
testonly,val_inner,new,4,30_70,0.3,0.032432432432432434
testonly,val_inner,new,4,40_60,0.4,0.043243243243243246
testonly,val_inner,new,4,50_50,0.5,0.04864864864864865
testonly,val_inner,new,4,60_40,0.6,0.05405405405405406
testonly,val_inner,new,4,70_30,0.7,0.11351351351351352
testonly,val_inner,new,4,80_20,0.8,0.1945945945945946
testonly,val_inner,new,4,90_10,0.9,0.2972972972972973
testonly,test_final,new,4,10_90,0.1,0.01639344262295082
testonly,test_final,new,4,20_80,0.2,0.01639344262295082
testonly,test_final,new,4,30_70,0.3,0.0273224043715847
testonly,test_final,new,4,40_60,0.4,0.03278688524590164
testonly,test_final,new,4,50_50,0.5,0.0273224043715847
testonly,test_final,new,4,60_40,0.6,0.03278688524590164
testonly,test_final,new,4,70_30,0.7,0.060109289617486336
testonly,test_final,new,4,80_20,0.8,0.20765027322404372
testonly,test_final,new,4,90_10,0.9,0.28415300546448086
fullcatalog,n/a,trend,4,10_90,0.1,0.03732638888888889
fullcatalog,n/a,trend,4,20_80,0.2,0.041666666666666664
fullcatalog,n/a,trend,4,30_70,0.3,0.046875
fullcatalog,n/a,trend,4,40_60,0.4,0.05295138888888889
fullcatalog,n/a,trend,4,50_50,0.5,0.057291666666666664
fullcatalog,n/a,trend,4,60_40,0.6,0.06163194444444445
fullcatalog,n/a,trend,4,70_30,0.7,0.0625
fullcatalog,n/a,trend,4,80_20,0.8,0.06770833333333333
fullcatalog,n/a,trend,4,90_10,0.9,0.07291666666666667
testonly,val_inner,trend,4,10_90,0.1,0.014005602240896359
testonly,val_inner,trend,4,20_80,0.2,0.01680672268907563
testonly,val_inner,trend,4,30_70,0.3,0.0196078431372549
testonly,val_inner,trend,4,40_60,0.4,0.03361344537815126
testonly,val_inner,trend,4,50_50,0.5,0.04481792717086835
testonly,val_inner,trend,4,60_40,0.6,0.06722689075630252
testonly,val_inner,trend,4,70_30,0.7,0.11764705882352941
testonly,val_inner,trend,4,80_20,0.8,0.22969187675070027
testonly,val_inner,trend,4,90_10,0.9,0.38095238095238093
testonly,test_final,trend,4,10_90,0.1,0.012468827930174564
testonly,test_final,trend,4,20_80,0.2,0.012468827930174564
testonly,test_final,trend,4,30_70,0.3,0.017456359102244388
testonly,test_final,trend,4,40_60,0.4,0.02743142144638404
testonly,test_final,trend,4,50_50,0.5,0.0399002493765586
testonly,test_final,trend,4,60_40,0.6,0.05236907730673317
testonly,test_final,trend,4,70_30,0.7,0.10972568578553615
testonly,test_final,trend,4,80_20,0.8,0.2344139650872818
testonly,test_final,trend,4,90_10,0.9,0.39900249376558605
fullcatalog,n/a,regular,4,10_90,0.1,0.0720486111111111
fullcatalog,n/a,regular,4,20_80,0.2,0.09288194444444445
fullcatalog,n/a,regular,4,30_70,0.3,0.10243055555555555
fullcatalog,n/a,regular,4,40_60,0.4,0.11805555555555555
fullcatalog,n/a,regular,4,50_50,0.5,0.12586805555555555
fullcatalog,n/a,regular,4,60_40,0.6,0.13541666666666666
fullcatalog,n/a,regular,4,70_30,0.7,0.1484375
fullcatalog,n/a,regular,4,80_20,0.8,0.15364583333333334
fullcatalog,n/a,regular,4,90_10,0.9,0.16145833333333334
testonly,val_inner,regular,4,10_90,0.1,0.004743833017077799
testonly,val_inner,regular,4,20_80,0.2,0.007590132827324478
testonly,val_inner,regular,4,30_70,0.3,0.008538899430740038
testonly,val_inner,regular,4,40_60,0.4,0.014231499051233396
testonly,val_inner,regular,4,50_50,0.5,0.018975332068311195
testonly,val_inner,regular,4,60_40,0.6,0.03320683111954459
testonly,val_inner,regular,4,70_30,0.7,0.09962049335863378
testonly,val_inner,regular,4,80_20,0.8,0.21347248576850095
testonly,val_inner,regular,4,90_10,0.9,0.35294117647058826
testonly,test_final,regular,4,10_90,0.1,0.004677268475210477
testonly,test_final,regular,4,20_80,0.2,0.006548175865294668
testonly,test_final,regular,4,30_70,0.3,0.009354536950420954
testonly,test_final,regular,4,40_60,0.4,0.013096351730589336
testonly,test_final,regular,4,50_50,0.5,0.0205799812909261
testonly,test_final,regular,4,60_40,0.6,0.037418147801683815
testonly,test_final,regular,4,70_30,0.7,0.10102899906454631
testonly,test_final,regular,4,80_20,0.8,0.21328344246959777
testonly,test_final,regular,4,90_10,0.9,0.34050514499532275
fullcatalog,n/a,new,5,10_90,0.1,0.025173611111111112
fullcatalog,n/a,new,5,20_80,0.2,0.03819444444444445
fullcatalog,n/a,new,5,30_70,0.3,0.046875
fullcatalog,n/a,new,5,40_60,0.4,0.05381944444444445
fullcatalog,n/a,new,5,50_50,0.5,0.057291666666666664
fullcatalog,n/a,new,5,60_40,0.6,0.06770833333333333
fullcatalog,n/a,new,5,70_30,0.7,0.0763888888888889
fullcatalog,n/a,new,5,80_20,0.8,0.0842013888888889
fullcatalog,n/a,new,5,90_10,0.9,0.09114583333333333
testonly,val_inner,new,5,10_90,0.1,0.021739130434782608
testonly,val_inner,new,5,20_80,0.2,0.021739130434782608
testonly,val_inner,new,5,30_70,0.3,0.02717391304347826
testonly,val_inner,new,5,40_60,0.4,0.03804347826086957
testonly,val_inner,new,5,50_50,0.5,0.043478260869565216
testonly,val_inner,new,5,60_40,0.6,0.04891304347826087
testonly,val_inner,new,5,70_30,0.7,0.08152173913043478
testonly,val_inner,new,5,80_20,0.8,0.15217391304347827
testonly,val_inner,new,5,90_10,0.9,0.2826086956521739
testonly,test_final,new,5,10_90,0.1,0.016574585635359115
testonly,test_final,new,5,20_80,0.2,0.016574585635359115
testonly,test_final,new,5,30_70,0.3,0.04419889502762431
testonly,test_final,new,5,40_60,0.4,0.055248618784530384
testonly,test_final,new,5,50_50,0.5,0.055248618784530384
testonly,test_final,new,5,60_40,0.6,0.06077348066298342
testonly,test_final,new,5,70_30,0.7,0.11602209944751381
testonly,test_final,new,5,80_20,0.8,0.19337016574585636
testonly,test_final,new,5,90_10,0.9,0.30939226519337015
fullcatalog,n/a,trend,5,10_90,0.1,0.044270833333333336
fullcatalog,n/a,trend,5,20_80,0.2,0.05555555555555555
fullcatalog,n/a,trend,5,30_70,0.3,0.06076388888888889
fullcatalog,n/a,trend,5,40_60,0.4,0.06510416666666667
fullcatalog,n/a,trend,5,50_50,0.5,0.07465277777777778
fullcatalog,n/a,trend,5,60_40,0.6,0.08246527777777778
fullcatalog,n/a,trend,5,70_30,0.7,0.09114583333333333
fullcatalog,n/a,trend,5,80_20,0.8,0.09895833333333333
fullcatalog,n/a,trend,5,90_10,0.9,0.11284722222222222
testonly,val_inner,trend,5,10_90,0.1,0.011594202898550725
testonly,val_inner,trend,5,20_80,0.2,0.017391304347826087
testonly,val_inner,trend,5,30_70,0.3,0.03188405797101449
testonly,val_inner,trend,5,40_60,0.4,0.034782608695652174
testonly,val_inner,trend,5,50_50,0.5,0.03768115942028986
testonly,val_inner,trend,5,60_40,0.6,0.06086956521739131
testonly,val_inner,trend,5,70_30,0.7,0.1565217391304348
testonly,val_inner,trend,5,80_20,0.8,0.27246376811594203
testonly,val_inner,trend,5,90_10,0.9,0.42318840579710143
testonly,test_final,trend,5,10_90,0.1,0.0103359173126615
testonly,test_final,trend,5,20_80,0.2,0.012919896640826873
testonly,test_final,trend,5,30_70,0.3,0.01808785529715762
testonly,test_final,trend,5,40_60,0.4,0.023255813953488372
testonly,test_final,trend,5,50_50,0.5,0.041343669250646
testonly,test_final,trend,5,60_40,0.6,0.06201550387596899
testonly,test_final,trend,5,70_30,0.7,0.14987080103359174
testonly,test_final,trend,5,80_20,0.8,0.25839793281653745
testonly,test_final,trend,5,90_10,0.9,0.3979328165374677
fullcatalog,n/a,regular,5,10_90,0.1,0.08680555555555555
fullcatalog,n/a,regular,5,20_80,0.2,0.11284722222222222
fullcatalog,n/a,regular,5,30_70,0.3,0.1345486111111111
fullcatalog,n/a,regular,5,40_60,0.4,0.15711805555555555
fullcatalog,n/a,regular,5,50_50,0.5,0.17100694444444445
fullcatalog,n/a,regular,5,60_40,0.6,0.1892361111111111
fullcatalog,n/a,regular,5,70_30,0.7,0.1996527777777778
fullcatalog,n/a,regular,5,80_20,0.8,0.2065972222222222
fullcatalog,n/a,regular,5,90_10,0.9,0.2152777777777778
testonly,val_inner,regular,5,10_90,0.1,0.003780718336483932
testonly,val_inner,regular,5,20_80,0.2,0.006616257088846881
testonly,val_inner,regular,5,30_70,0.3,0.010396975425330813
testonly,val_inner,regular,5,40_60,0.4,0.014177693761814745
testonly,val_inner,regular,5,50_50,0.5,0.01890359168241966
testonly,val_inner,regular,5,60_40,0.6,0.038752362948960305
testonly,val_inner,regular,5,70_30,0.7,0.10396975425330812
testonly,val_inner,regular,5,80_20,0.8,0.23251417769376181
testonly,val_inner,regular,5,90_10,0.9,0.3516068052930057
testonly,test_final,regular,5,10_90,0.1,0.0037593984962406013
testonly,test_final,regular,5,20_80,0.2,0.006578947368421052
testonly,test_final,regular,5,30_70,0.3,0.008458646616541353
testonly,test_final,regular,5,40_60,0.4,0.015037593984962405
testonly,test_final,regular,5,50_50,0.5,0.020676691729323307
testonly,test_final,regular,5,60_40,0.6,0.044172932330827065
testonly,test_final,regular,5,70_30,0.7,0.11466165413533834
testonly,test_final,regular,5,80_20,0.8,0.2274436090225564
testonly,test_final,regular,5,90_10,0.9,0.34398496240601506
fullcatalog,n/a,new,6,10_90,0.1,0.021701388888888888
fullcatalog,n/a,new,6,20_80,0.2,0.026909722222222224
fullcatalog,n/a,new,6,30_70,0.3,0.03298611111111111
fullcatalog,n/a,new,6,40_60,0.4,0.035590277777777776
fullcatalog,n/a,new,6,50_50,0.5,0.03819444444444445
fullcatalog,n/a,new,6,60_40,0.6,0.04513888888888889
fullcatalog,n/a,new,6,70_30,0.7,0.04861111111111111
fullcatalog,n/a,new,6,80_20,0.8,0.05295138888888889
fullcatalog,n/a,new,6,90_10,0.9,0.05642361111111111
testonly,val_inner,new,6,10_90,0.1,0.01639344262295082
testonly,val_inner,new,6,20_80,0.2,0.01639344262295082
testonly,val_inner,new,6,30_70,0.3,0.01639344262295082
testonly,val_inner,new,6,40_60,0.4,0.02185792349726776
testonly,val_inner,new,6,50_50,0.5,0.03278688524590164
testonly,val_inner,new,6,60_40,0.6,0.060109289617486336
testonly,val_inner,new,6,70_30,0.7,0.12021857923497267
testonly,val_inner,new,6,80_20,0.8,0.17486338797814208
testonly,val_inner,new,6,90_10,0.9,0.2459016393442623
testonly,test_final,new,6,10_90,0.1,0.030303030303030304
testonly,test_final,new,6,20_80,0.2,0.048484848484848485
testonly,test_final,new,6,30_70,0.3,0.04242424242424243
testonly,test_final,new,6,40_60,0.4,0.048484848484848485
testonly,test_final,new,6,50_50,0.5,0.06060606060606061
testonly,test_final,new,6,60_40,0.6,0.09090909090909091
testonly,test_final,new,6,70_30,0.7,0.14545454545454545
testonly,test_final,new,6,80_20,0.8,0.20606060606060606
testonly,test_final,new,6,90_10,0.9,0.296969696969697
fullcatalog,n/a,trend,6,10_90,0.1,0.0390625
fullcatalog,n/a,trend,6,20_80,0.2,0.04079861111111111
fullcatalog,n/a,trend,6,30_70,0.3,0.04774305555555555
fullcatalog,n/a,trend,6,40_60,0.4,0.05381944444444445
fullcatalog,n/a,trend,6,50_50,0.5,0.058159722222222224
fullcatalog,n/a,trend,6,60_40,0.6,0.0642361111111111
fullcatalog,n/a,trend,6,70_30,0.7,0.07291666666666667
fullcatalog,n/a,trend,6,80_20,0.8,0.078125
fullcatalog,n/a,trend,6,90_10,0.9,0.0842013888888889
testonly,val_inner,trend,6,10_90,0.1,0.015503875968992248
testonly,val_inner,trend,6,20_80,0.2,0.023255813953488372
testonly,val_inner,trend,6,30_70,0.3,0.028423772609819122
testonly,val_inner,trend,6,40_60,0.4,0.03359173126614987
testonly,val_inner,trend,6,50_50,0.5,0.041343669250646
testonly,val_inner,trend,6,60_40,0.6,0.08010335917312661
testonly,val_inner,trend,6,70_30,0.7,0.14728682170542637
testonly,val_inner,trend,6,80_20,0.8,0.2532299741602067
testonly,val_inner,trend,6,90_10,0.9,0.4082687338501292
testonly,test_final,trend,6,10_90,0.1,0.013297872340425532
testonly,test_final,trend,6,20_80,0.2,0.02127659574468085
testonly,test_final,trend,6,30_70,0.3,0.02127659574468085
testonly,test_final,trend,6,40_60,0.4,0.02925531914893617
testonly,test_final,trend,6,50_50,0.5,0.04521276595744681
testonly,test_final,trend,6,60_40,0.6,0.0851063829787234
testonly,test_final,trend,6,70_30,0.7,0.15691489361702127
testonly,test_final,trend,6,80_20,0.8,0.2845744680851064
testonly,test_final,trend,6,90_10,0.9,0.4308510638297872
fullcatalog,n/a,regular,6,10_90,0.1,0.0642361111111111
fullcatalog,n/a,regular,6,20_80,0.2,0.07552083333333333
fullcatalog,n/a,regular,6,30_70,0.3,0.0876736111111111
fullcatalog,n/a,regular,6,40_60,0.4,0.10677083333333333
fullcatalog,n/a,regular,6,50_50,0.5,0.11458333333333333
fullcatalog,n/a,regular,6,60_40,0.6,0.125
fullcatalog,n/a,regular,6,70_30,0.7,0.1362847222222222
fullcatalog,n/a,regular,6,80_20,0.8,0.1440972222222222
fullcatalog,n/a,regular,6,90_10,0.9,0.15104166666666666
testonly,val_inner,regular,6,10_90,0.1,0.00558659217877095
testonly,val_inner,regular,6,20_80,0.2,0.00931098696461825
testonly,val_inner,regular,6,30_70,0.3,0.0111731843575419
testonly,val_inner,regular,6,40_60,0.4,0.0148975791433892
testonly,val_inner,regular,6,50_50,0.5,0.0260707635009311
testonly,val_inner,regular,6,60_40,0.6,0.05027932960893855
testonly,val_inner,regular,6,70_30,0.7,0.13128491620111732
testonly,val_inner,regular,6,80_20,0.8,0.21508379888268156
testonly,val_inner,regular,6,90_10,0.9,0.32122905027932963
testonly,test_final,regular,6,10_90,0.1,0.006481481481481481
testonly,test_final,regular,6,20_80,0.2,0.009259259259259259
testonly,test_final,regular,6,30_70,0.3,0.011111111111111112
testonly,test_final,regular,6,40_60,0.4,0.014814814814814815
testonly,test_final,regular,6,50_50,0.5,0.025925925925925925
testonly,test_final,regular,6,60_40,0.6,0.058333333333333334
testonly,test_final,regular,6,70_30,0.7,0.13425925925925927
testonly,test_final,regular,6,80_20,0.8,0.21666666666666667
testonly,test_final,regular,6,90_10,0.9,0.325
fullcatalog,n/a,new,7,10_90,0.1,0.03125
fullcatalog,n/a,new,7,20_80,0.2,0.04513888888888889
fullcatalog,n/a,new,7,30_70,0.3,0.0625
fullcatalog,n/a,new,7,40_60,0.4,0.0763888888888889
fullcatalog,n/a,new,7,50_50,0.5,0.08680555555555555
fullcatalog,n/a,new,7,60_40,0.6,0.10243055555555555
fullcatalog,n/a,new,7,70_30,0.7,0.109375
fullcatalog,n/a,new,7,80_20,0.8,0.11979166666666667
fullcatalog,n/a,new,7,90_10,0.9,0.1293402777777778
testonly,val_inner,new,7,10_90,0.1,0.018072289156626505
testonly,val_inner,new,7,20_80,0.2,0.018072289156626505
testonly,val_inner,new,7,30_70,0.3,0.018072289156626505
testonly,val_inner,new,7,40_60,0.4,0.024096385542168676
testonly,val_inner,new,7,50_50,0.5,0.030120481927710843
testonly,val_inner,new,7,60_40,0.6,0.060240963855421686
testonly,val_inner,new,7,70_30,0.7,0.10240963855421686
testonly,val_inner,new,7,80_20,0.8,0.19879518072289157
testonly,val_inner,new,7,90_10,0.9,0.29518072289156627
testonly,test_final,new,7,10_90,0.1,0.01910828025477707
testonly,test_final,new,7,20_80,0.2,0.01910828025477707
testonly,test_final,new,7,30_70,0.3,0.03184713375796178
testonly,test_final,new,7,40_60,0.4,0.03821656050955414
testonly,test_final,new,7,50_50,0.5,0.050955414012738856
testonly,test_final,new,7,60_40,0.6,0.05732484076433121
testonly,test_final,new,7,70_30,0.7,0.10828025477707007
testonly,test_final,new,7,80_20,0.8,0.17834394904458598
testonly,test_final,new,7,90_10,0.9,0.22929936305732485
fullcatalog,n/a,trend,7,10_90,0.1,0.046875
fullcatalog,n/a,trend,7,20_80,0.2,0.06163194444444445
fullcatalog,n/a,trend,7,30_70,0.3,0.07899305555555555
fullcatalog,n/a,trend,7,40_60,0.4,0.09461805555555555
fullcatalog,n/a,trend,7,50_50,0.5,0.10503472222222222
fullcatalog,n/a,trend,7,60_40,0.6,0.1154513888888889
fullcatalog,n/a,trend,7,70_30,0.7,0.12760416666666666
fullcatalog,n/a,trend,7,80_20,0.8,0.1362847222222222
fullcatalog,n/a,trend,7,90_10,0.9,0.1484375
testonly,val_inner,trend,7,10_90,0.1,0.011142061281337047
testonly,val_inner,trend,7,20_80,0.2,0.013927576601671309
testonly,val_inner,trend,7,30_70,0.3,0.013927576601671309
testonly,val_inner,trend,7,40_60,0.4,0.025069637883008356
testonly,val_inner,trend,7,50_50,0.5,0.03899721448467967
testonly,val_inner,trend,7,60_40,0.6,0.06685236768802229
testonly,val_inner,trend,7,70_30,0.7,0.13370473537604458
testonly,val_inner,trend,7,80_20,0.8,0.27298050139275765
testonly,val_inner,trend,7,90_10,0.9,0.403899721448468
testonly,test_final,trend,7,10_90,0.1,0.009852216748768473
testonly,test_final,trend,7,20_80,0.2,0.012315270935960592
testonly,test_final,trend,7,30_70,0.3,0.012315270935960592
testonly,test_final,trend,7,40_60,0.4,0.014778325123152709
testonly,test_final,trend,7,50_50,0.5,0.029556650246305417
testonly,test_final,trend,7,60_40,0.6,0.04433497536945813
testonly,test_final,trend,7,70_30,0.7,0.10837438423645321
testonly,test_final,trend,7,80_20,0.8,0.21428571428571427
testonly,test_final,trend,7,90_10,0.9,0.3793103448275862
fullcatalog,n/a,regular,7,10_90,0.1,0.10503472222222222
fullcatalog,n/a,regular,7,20_80,0.2,0.1371527777777778
fullcatalog,n/a,regular,7,30_70,0.3,0.17274305555555555
fullcatalog,n/a,regular,7,40_60,0.4,0.19791666666666666
fullcatalog,n/a,regular,7,50_50,0.5,0.21961805555555555
fullcatalog,n/a,regular,7,60_40,0.6,0.23697916666666666
fullcatalog,n/a,regular,7,70_30,0.7,0.24739583333333334
fullcatalog,n/a,regular,7,80_20,0.8,0.2595486111111111
fullcatalog,n/a,regular,7,90_10,0.9,0.2725694444444444
testonly,val_inner,regular,7,10_90,0.1,0.0038204393505253103
testonly,val_inner,regular,7,20_80,0.2,0.004775549188156638
testonly,val_inner,regular,7,30_70,0.3,0.007640878701050621
testonly,val_inner,regular,7,40_60,0.4,0.010506208213944603
testonly,val_inner,regular,7,50_50,0.5,0.017191977077363897
testonly,val_inner,regular,7,60_40,0.6,0.034383954154727794
testonly,val_inner,regular,7,70_30,0.7,0.10124164278892073
testonly,val_inner,regular,7,80_20,0.8,0.224450811843362
testonly,val_inner,regular,7,90_10,0.9,0.3734479465138491
testonly,test_final,regular,7,10_90,0.1,0.003727865796831314
testonly,test_final,regular,7,20_80,0.2,0.005591798695246971
testonly,test_final,regular,7,30_70,0.3,0.008387698042870456
testonly,test_final,regular,7,40_60,0.4,0.010251630941286114
testonly,test_final,regular,7,50_50,0.5,0.016775396085740912
testonly,test_final,regular,7,60_40,0.6,0.03821062441752097
testonly,test_final,regular,7,70_30,0.7,0.1015843429636533
testonly,test_final,regular,7,80_20,0.8,0.22273998136067102
testonly,test_final,regular,7,90_10,0.9,0.3625349487418453
fullcatalog,n/a,new,8,10_90,0.1,0.020833333333333332
fullcatalog,n/a,new,8,20_80,0.2,0.026041666666666668
fullcatalog,n/a,new,8,30_70,0.3,0.028645833333333332
fullcatalog,n/a,new,8,40_60,0.4,0.036458333333333336
fullcatalog,n/a,new,8,50_50,0.5,0.04079861111111111
fullcatalog,n/a,new,8,60_40,0.6,0.04513888888888889
fullcatalog,n/a,new,8,70_30,0.7,0.04861111111111111
fullcatalog,n/a,new,8,80_20,0.8,0.05295138888888889
fullcatalog,n/a,new,8,90_10,0.9,0.057291666666666664
testonly,val_inner,new,8,10_90,0.1,0.023121387283236993
testonly,val_inner,new,8,20_80,0.2,0.028901734104046242
testonly,val_inner,new,8,30_70,0.3,0.028901734104046242
testonly,val_inner,new,8,40_60,0.4,0.04046242774566474
testonly,val_inner,new,8,50_50,0.5,0.05202312138728324
testonly,val_inner,new,8,60_40,0.6,0.06936416184971098
testonly,val_inner,new,8,70_30,0.7,0.10982658959537572
testonly,val_inner,new,8,80_20,0.8,0.19653179190751446
testonly,val_inner,new,8,90_10,0.9,0.2774566473988439
testonly,test_final,new,8,10_90,0.1,0.024691358024691357
testonly,test_final,new,8,20_80,0.2,0.030864197530864196
testonly,test_final,new,8,30_70,0.3,0.030864197530864196
testonly,test_final,new,8,40_60,0.4,0.030864197530864196
testonly,test_final,new,8,50_50,0.5,0.043209876543209874
testonly,test_final,new,8,60_40,0.6,0.04938271604938271
testonly,test_final,new,8,70_30,0.7,0.09259259259259259
testonly,test_final,new,8,80_20,0.8,0.19135802469135801
testonly,test_final,new,8,90_10,0.9,0.2777777777777778
fullcatalog,n/a,trend,8,10_90,0.1,0.042534722222222224
fullcatalog,n/a,trend,8,20_80,0.2,0.04774305555555555
fullcatalog,n/a,trend,8,30_70,0.3,0.050347222222222224
fullcatalog,n/a,trend,8,40_60,0.4,0.05295138888888889
fullcatalog,n/a,trend,8,50_50,0.5,0.058159722222222224
fullcatalog,n/a,trend,8,60_40,0.6,0.06510416666666667
fullcatalog,n/a,trend,8,70_30,0.7,0.0703125
fullcatalog,n/a,trend,8,80_20,0.8,0.07465277777777778
fullcatalog,n/a,trend,8,90_10,0.9,0.0798611111111111
testonly,val_inner,trend,8,10_90,0.1,0.01662049861495845
testonly,val_inner,trend,8,20_80,0.2,0.01662049861495845
testonly,val_inner,trend,8,30_70,0.3,0.0221606648199446
testonly,val_inner,trend,8,40_60,0.4,0.030470914127423823
testonly,val_inner,trend,8,50_50,0.5,0.04709141274238227
testonly,val_inner,trend,8,60_40,0.6,0.0886426592797784
testonly,val_inner,trend,8,70_30,0.7,0.16620498614958448
testonly,val_inner,trend,8,80_20,0.8,0.27977839335180055
testonly,val_inner,trend,8,90_10,0.9,0.43213296398891965
testonly,test_final,trend,8,10_90,0.1,0.012853470437017995
testonly,test_final,trend,8,20_80,0.2,0.015424164524421594
testonly,test_final,trend,8,30_70,0.3,0.02056555269922879
testonly,test_final,trend,8,40_60,0.4,0.030848329048843187
testonly,test_final,trend,8,50_50,0.5,0.04627249357326478
testonly,test_final,trend,8,60_40,0.6,0.07455012853470437
testonly,test_final,trend,8,70_30,0.7,0.13881748071979436
testonly,test_final,trend,8,80_20,0.8,0.2750642673521851
testonly,test_final,trend,8,90_10,0.9,0.4241645244215938
fullcatalog,n/a,regular,8,10_90,0.1,0.0642361111111111
fullcatalog,n/a,regular,8,20_80,0.2,0.08072916666666667
fullcatalog,n/a,regular,8,30_70,0.3,0.0920138888888889
fullcatalog,n/a,regular,8,40_60,0.4,0.109375
fullcatalog,n/a,regular,8,50_50,0.5,0.1189236111111111
fullcatalog,n/a,regular,8,60_40,0.6,0.13368055555555555
fullcatalog,n/a,regular,8,70_30,0.7,0.1449652777777778
fullcatalog,n/a,regular,8,80_20,0.8,0.15711805555555555
fullcatalog,n/a,regular,8,90_10,0.9,0.16319444444444445
testonly,val_inner,regular,8,10_90,0.1,0.005612722170252572
testonly,val_inner,regular,8,20_80,0.2,0.005612722170252572
testonly,val_inner,regular,8,30_70,0.3,0.00841908325537886
testonly,val_inner,regular,8,40_60,0.4,0.014967259120673527
testonly,val_inner,regular,8,50_50,0.5,0.021515434985968196
testonly,val_inner,regular,8,60_40,0.6,0.042095416276894296
testonly,val_inner,regular,8,70_30,0.7,0.11038353601496725
testonly,val_inner,regular,8,80_20,0.8,0.21796071094480823
testonly,val_inner,regular,8,90_10,0.9,0.33676333021515437
testonly,test_final,regular,8,10_90,0.1,0.005560704355885079
testonly,test_final,regular,8,20_80,0.2,0.005560704355885079
testonly,test_final,regular,8,30_70,0.3,0.010194624652455977
testonly,test_final,regular,8,40_60,0.4,0.013901760889712697
testonly,test_final,regular,8,50_50,0.5,0.020389249304911955
testonly,test_final,regular,8,60_40,0.6,0.04633920296570899
testonly,test_final,regular,8,70_30,0.7,0.11214087117701575
testonly,test_final,regular,8,80_20,0.8,0.21872103799814643
testonly,test_final,regular,8,90_10,0.9,0.32252085264133457
fullcatalog,n/a,new,9,10_90,0.1,0.021701388888888888
fullcatalog,n/a,new,9,20_80,0.2,0.027777777777777776
fullcatalog,n/a,new,9,30_70,0.3,0.03819444444444445
fullcatalog,n/a,new,9,40_60,0.4,0.043402777777777776
fullcatalog,n/a,new,9,50_50,0.5,0.04861111111111111
fullcatalog,n/a,new,9,60_40,0.6,0.05381944444444445
fullcatalog,n/a,new,9,70_30,0.7,0.058159722222222224
fullcatalog,n/a,new,9,80_20,0.8,0.06163194444444445
fullcatalog,n/a,new,9,90_10,0.9,0.0642361111111111
testonly,val_inner,new,9,10_90,0.1,0.041916167664670656
testonly,val_inner,new,9,20_80,0.2,0.041916167664670656
testonly,val_inner,new,9,30_70,0.3,0.04790419161676647
testonly,val_inner,new,9,40_60,0.4,0.05389221556886228
testonly,val_inner,new,9,50_50,0.5,0.0718562874251497
testonly,val_inner,new,9,60_40,0.6,0.0718562874251497
testonly,val_inner,new,9,70_30,0.7,0.10778443113772455
testonly,val_inner,new,9,80_20,0.8,0.18562874251497005
testonly,val_inner,new,9,90_10,0.9,0.281437125748503
testonly,test_final,new,9,10_90,0.1,0.026845637583892617
testonly,test_final,new,9,20_80,0.2,0.03355704697986577
testonly,test_final,new,9,30_70,0.3,0.03355704697986577
testonly,test_final,new,9,40_60,0.4,0.03355704697986577
testonly,test_final,new,9,50_50,0.5,0.03355704697986577
testonly,test_final,new,9,60_40,0.6,0.04697986577181208
testonly,test_final,new,9,70_30,0.7,0.10738255033557047
testonly,test_final,new,9,80_20,0.8,0.1610738255033557
testonly,test_final,new,9,90_10,0.9,0.2751677852348993
fullcatalog,n/a,trend,9,10_90,0.1,0.03732638888888889
fullcatalog,n/a,trend,9,20_80,0.2,0.043402777777777776
fullcatalog,n/a,trend,9,30_70,0.3,0.05295138888888889
fullcatalog,n/a,trend,9,40_60,0.4,0.057291666666666664
fullcatalog,n/a,trend,9,50_50,0.5,0.0625
fullcatalog,n/a,trend,9,60_40,0.6,0.06944444444444445
fullcatalog,n/a,trend,9,70_30,0.7,0.078125
fullcatalog,n/a,trend,9,80_20,0.8,0.08159722222222222
fullcatalog,n/a,trend,9,90_10,0.9,0.0876736111111111
testonly,val_inner,trend,9,10_90,0.1,0.01971830985915493
testonly,val_inner,trend,9,20_80,0.2,0.01971830985915493
testonly,val_inner,trend,9,30_70,0.3,0.01971830985915493
testonly,val_inner,trend,9,40_60,0.4,0.028169014084507043
testonly,val_inner,trend,9,50_50,0.5,0.03943661971830986
testonly,val_inner,trend,9,60_40,0.6,0.07323943661971831
testonly,val_inner,trend,9,70_30,0.7,0.1352112676056338
testonly,val_inner,trend,9,80_20,0.8,0.2535211267605634
testonly,val_inner,trend,9,90_10,0.9,0.4
testonly,test_final,trend,9,10_90,0.1,0.01832460732984293
testonly,test_final,trend,9,20_80,0.2,0.01832460732984293
testonly,test_final,trend,9,30_70,0.3,0.01832460732984293
testonly,test_final,trend,9,40_60,0.4,0.031413612565445025
testonly,test_final,trend,9,50_50,0.5,0.04450261780104712
testonly,test_final,trend,9,60_40,0.6,0.060209424083769635
testonly,test_final,trend,9,70_30,0.7,0.09424083769633508
testonly,test_final,trend,9,80_20,0.8,0.22251308900523561
testonly,test_final,trend,9,90_10,0.9,0.39790575916230364
fullcatalog,n/a,regular,9,10_90,0.1,0.06770833333333333
fullcatalog,n/a,regular,9,20_80,0.2,0.08854166666666667
fullcatalog,n/a,regular,9,30_70,0.3,0.10590277777777778
fullcatalog,n/a,regular,9,40_60,0.4,0.1154513888888889
fullcatalog,n/a,regular,9,50_50,0.5,0.1362847222222222
fullcatalog,n/a,regular,9,60_40,0.6,0.14930555555555555
fullcatalog,n/a,regular,9,70_30,0.7,0.1597222222222222
fullcatalog,n/a,regular,9,80_20,0.8,0.1753472222222222
fullcatalog,n/a,regular,9,90_10,0.9,0.1857638888888889
testonly,val_inner,regular,9,10_90,0.1,0.006653992395437262
testonly,val_inner,regular,9,20_80,0.2,0.006653992395437262
testonly,val_inner,regular,9,30_70,0.3,0.0076045627376425855
testonly,val_inner,regular,9,40_60,0.4,0.015209125475285171
testonly,val_inner,regular,9,50_50,0.5,0.02091254752851711
testonly,val_inner,regular,9,60_40,0.6,0.03897338403041825
testonly,val_inner,regular,9,70_30,0.7,0.11596958174904944
testonly,val_inner,regular,9,80_20,0.8,0.20437262357414449
testonly,val_inner,regular,9,90_10,0.9,0.314638783269962
testonly,test_final,regular,9,10_90,0.1,0.006566604127579738
testonly,test_final,regular,9,20_80,0.2,0.006566604127579738
testonly,test_final,regular,9,30_70,0.3,0.0075046904315197
testonly,test_final,regular,9,40_60,0.4,0.012195121951219513
testonly,test_final,regular,9,50_50,0.5,0.020637898686679174
testonly,test_final,regular,9,60_40,0.6,0.0375234521575985
testonly,test_final,regular,9,70_30,0.7,0.10318949343339587
testonly,test_final,regular,9,80_20,0.8,0.21669793621013134
testonly,test_final,regular,9,90_10,0.9,0.33677298311444653
