split,segment,fold,ratio,r_svd,rmse,mae,n_matched
val_inner,new,0,10_90,0.1,1.7304356813916042,1.4783806954570777,362
val_inner,new,0,20_80,0.2,1.5981252731957745,1.3547674189157177,362
val_inner,new,0,30_70,0.3,1.4716299156695953,1.239336453873056,362
val_inner,new,0,40_60,0.4,1.3525820888334716,1.1320697801825965,362
val_inner,new,0,50_50,0.5,1.2431232778149244,1.0357442325415238,362
val_inner,new,0,60_40,0.6,1.1460044236957867,0.9513140889147277,362
val_inner,new,0,70_30,0.7,1.0646080372081035,0.8799045279822455,362
val_inner,new,0,80_20,0.8,1.0027701058162108,0.8255367721008853,362
val_inner,new,0,90_10,0.9,0.9642608442854071,0.7877523548841127,362
test_final,new,0,10_90,0.1,1.6634073119900645,1.4075212779357726,442
test_final,new,0,20_80,0.2,1.5370470482741643,1.293280360815295,442
test_final,new,0,30_70,0.3,1.417147879180115,1.1836434481967504,442
test_final,new,0,40_60,0.4,1.3054912233144822,1.0849069977381711,442
test_final,new,0,50_50,0.5,1.2043717435524863,0.9963724683547766,442
test_final,new,0,60_40,0.6,1.1166557208980026,0.9177201666423972,442
test_final,new,0,70_30,0.7,1.0457214931284944,0.8526997061792708,442
test_final,new,0,80_20,0.8,0.9951641187249497,0.8061828321445946,442
test_final,new,0,90_10,0.9,0.9681810497186939,0.7717363466460371,442
val_inner,trend,0,10_90,0.1,1.5555356136272342,1.3609410255521477,805
val_inner,trend,0,20_80,0.2,1.429117407188515,1.2410860326873974,805
val_inner,trend,0,30_70,0.3,1.3085084117566044,1.1241854395692223,805
val_inner,trend,0,40_60,0.4,1.1933279107435388,1.0161954557515178,805
val_inner,trend,0,50_50,0.5,1.0830332398211455,0.9143772472669504,805
val_inner,trend,0,60_40,0.6,0.9838596533510019,0.8223981167140523,805
val_inner,trend,0,70_30,0.7,0.9052200977652585,0.7483949570541234,805
val_inner,trend,0,80_20,0.8,0.8471215566558677,0.6898298256644052,805
val_inner,trend,0,90_10,0.9,0.812071881008286,0.652477138474804,805
test_final,trend,0,10_90,0.1,1.539004064858614,1.3337561763257588,898
test_final,trend,0,20_80,0.2,1.4156208676943376,1.2157747193928916,898
test_final,trend,0,30_70,0.3,1.2973271464684422,1.1039260083149278,898
test_final,trend,0,40_60,0.4,1.1853316755815677,0.9995385344608408,898
test_final,trend,0,50_50,0.5,1.0829908835322604,0.906769065906946,898
test_final,trend,0,60_40,0.6,0.995276887136968,0.8275861662755495,898
test_final,trend,0,70_30,0.7,0.9243184726386334,0.7621521308979812,898
test_final,trend,0,80_20,0.8,0.8802518336449056,0.7167615402515918,898
test_final,trend,0,90_10,0.9,0.8622149504143283,0.6877629144532231,898
val_inner,regular,0,10_90,0.1,1.5949530579485127,1.38495617177412,4853
val_inner,regular,0,20_80,0.2,1.4717054783602945,1.2708445580460612,4853
val_inner,regular,0,30_70,0.3,1.3523362844815348,1.1590618587154946,4853
val_inner,regular,0,40_60,0.4,1.2374667766771386,1.0518879727603454,4853
val_inner,regular,0,50_50,0.5,1.1310299309638734,0.9536437590117094,4853
val_inner,regular,0,60_40,0.6,1.0305190635551305,0.8615472876477982,4853
val_inner,regular,0,70_30,0.7,0.9482435363315477,0.7857499990441003,4853
val_inner,regular,0,80_20,0.8,0.885318801849729,0.7261359041852641,4853
val_inner,regular,0,90_10,0.9,0.8449352113978713,0.6830791594177168,4853
test_final,regular,0,10_90,0.1,1.5756756645989094,1.3659782189778247,5079
test_final,regular,0,20_80,0.2,1.4607633975781298,1.2607205886929114,5079
test_final,regular,0,30_70,0.3,1.3484900588381254,1.1562951722236798,5079
test_final,regular,0,40_60,0.4,1.2406138586355293,1.0552066674992866,5079
test_final,regular,0,50_50,0.5,1.1431294763334752,0.9643951900815488,5079
test_final,regular,0,60_40,0.6,1.0568948067562405,0.883604412259873,5079
test_final,regular,0,70_30,0.7,0.9849980965307152,0.8134043494635765,5079
test_final,regular,0,80_20,0.8,0.9339780818831348,0.7578490979746673,5079
test_final,regular,0,90_10,0.9,0.9065513317363881,0.7186604787100184,5079
val_inner,new,1,10_90,0.1,1.681892851382285,1.4642371976629212,352
val_inner,new,1,20_80,0.2,1.545552192240464,1.3330421388947022,352
val_inner,new,1,30_70,0.3,1.4145250519851804,1.2055715032372496,352
val_inner,new,1,40_60,0.4,1.2904310112493242,1.087543363099347,352
val_inner,new,1,50_50,0.5,1.1754679048107322,0.9816995018128135,352
val_inner,new,1,60_40,0.6,1.0725758360284894,0.8902905931712785,352
val_inner,new,1,70_30,0.7,0.9855427850530877,0.813895050149183,352
val_inner,new,1,80_20,0.8,0.9188861554371585,0.7554156893008642,352
val_inner,new,1,90_10,0.9,0.8772630623045005,0.7169045605779192,352
test_final,new,1,10_90,0.1,1.6522637073752615,1.4035358745440996,414
test_final,new,1,20_80,0.2,1.5272185047222853,1.2930399102173962,414
test_final,new,1,30_70,0.3,1.409594405812489,1.1939088114863263,414
test_final,new,1,40_60,0.4,1.3014051797593686,1.1031497115116242,414
test_final,new,1,50_50,0.5,1.2051943910366187,1.0179555961848965,414
test_final,new,1,60_40,0.6,1.1240420916241074,0.9435424958943692,414
test_final,new,1,70_30,0.7,1.0614079105481695,0.8839702999244343,414
test_final,new,1,80_20,0.8,1.0207065722727195,0.8355979633537186,414
test_final,new,1,90_10,0.9,1.0046074288308735,0.8025282284262227,414
val_inner,trend,1,10_90,0.1,1.5739768189464596,1.3882596799583866,801
val_inner,trend,1,20_80,0.2,1.4504859732415714,1.2685404384385253,801
val_inner,trend,1,30_70,0.3,1.3287795514864942,1.1501568005387321,801
val_inner,trend,1,40_60,0.4,1.21405845737875,1.037405865013466,801
val_inner,trend,1,50_50,0.5,1.1066070706057767,0.9380051602410892,801
val_inner,trend,1,60_40,0.6,1.007783454335674,0.8505276274186548,801
val_inner,trend,1,70_30,0.7,0.9254144313892785,0.7766967286886416,801
val_inner,trend,1,80_20,0.8,0.8638153548868689,0.7155614143829147,801
val_inner,trend,1,90_10,0.9,0.8246232277975815,0.6730369936536046,801
test_final,trend,1,10_90,0.1,1.5740054834164456,1.3720954902112248,885
test_final,trend,1,20_80,0.2,1.4467216994422678,1.2511901884241974,885
test_final,trend,1,30_70,0.3,1.327479965416779,1.1373281699598285,885
test_final,trend,1,40_60,0.4,1.216660012956776,1.031163877103674,885
test_final,trend,1,50_50,0.5,1.1158619181727503,0.9362713804859079,885
test_final,trend,1,60_40,0.6,1.0284832016422418,0.8547889217149953,885
test_final,trend,1,70_30,0.7,0.9583404782319657,0.7848463481176969,885
test_final,trend,1,80_20,0.8,0.9108812827288054,0.7305792041623793,885
test_final,trend,1,90_10,0.9,0.8820491237971655,0.6911453091522975,885
val_inner,regular,1,10_90,0.1,1.5816414946705208,1.374300900249814,4867
val_inner,regular,1,20_80,0.2,1.4599559609798127,1.2600564341113045,4867
val_inner,regular,1,30_70,0.3,1.3423801176706105,1.1489392488994608,4867
val_inner,regular,1,40_60,0.4,1.2267518471524477,1.0408038234616785,4867
val_inner,regular,1,50_50,0.5,1.1173139005037735,0.9400886071451828,4867
val_inner,regular,1,60_40,0.6,1.0193045393562548,0.8506304330681336,4867
val_inner,regular,1,70_30,0.7,0.9382187082986063,0.7762347526549769,4867
val_inner,regular,1,80_20,0.8,0.876097645688172,0.7148468834298343,4867
val_inner,regular,1,90_10,0.9,0.840762617077766,0.6752693254895902,4867
test_final,regular,1,10_90,0.1,1.5774748790141357,1.363951831816821,5068
test_final,regular,1,20_80,0.2,1.4645204348363021,1.260773107436249,5068
test_final,regular,1,30_70,0.3,1.3577803182812864,1.1626669512757684,5068
test_final,regular,1,40_60,0.4,1.2535428140879192,1.0663911661160428,5068
test_final,regular,1,50_50,0.5,1.154862203394754,0.9762362176741557,5068
test_final,regular,1,60_40,0.6,1.0670497141497226,0.8946024057009447,5068
test_final,regular,1,70_30,0.7,0.9940446456585165,0.8219296003715834,5068
test_final,regular,1,80_20,0.8,0.9396171129424996,0.7637606139683489,5068
test_final,regular,1,90_10,0.9,0.9124119984463606,0.7265166320258979,5068
val_inner,new,2,10_90,0.1,1.7525848826707775,1.512442916507357,358
val_inner,new,2,20_80,0.2,1.6115974457882953,1.3841991319027873,358
val_inner,new,2,30_70,0.3,1.4765013356341778,1.2631240232285137,358
val_inner,new,2,40_60,0.4,1.3490675933920442,1.1487545434976432,358
val_inner,new,2,50_50,0.5,1.2316768486517198,1.0434644601494305,358
val_inner,new,2,60_40,0.6,1.1274704688024426,0.9532485638762458,358
val_inner,new,2,70_30,0.7,1.0404175926480226,0.875329720355481,358
val_inner,new,2,80_20,0.8,0.975123164894749,0.8123226332550285,358
val_inner,new,2,90_10,0.9,0.9361511186182152,0.7714019142377734,358
test_final,new,2,10_90,0.1,1.7608667429276146,1.5168249128137308,393
test_final,new,2,20_80,0.2,1.6278679728655818,1.3981499368942851,393
test_final,new,2,30_70,0.3,1.5019691111683855,1.2847578082514481,393
test_final,new,2,40_60,0.4,1.3851075437726343,1.1781100289774713,393
test_final,new,2,50_50,0.5,1.279761394876884,1.0772378781041374,393
test_final,new,2,60_40,0.6,1.1889954461258692,0.9877888273108313,393
test_final,new,2,70_30,0.7,1.1163716841125717,0.9147492043165155,393
test_final,new,2,80_20,0.8,1.065605896360415,0.8610829546060086,393
test_final,new,2,90_10,0.9,1.0399041968937741,0.8241273624265162,393
val_inner,trend,2,10_90,0.1,1.6442226786642475,1.4350999045783968,804
val_inner,trend,2,20_80,0.2,1.5125072101446635,1.308163639548561,804
val_inner,trend,2,30_70,0.3,1.3808300949471504,1.1796429262856907,804
val_inner,trend,2,40_60,0.4,1.2573515426300454,1.063510660468318,804
val_inner,trend,2,50_50,0.5,1.1433208434325859,0.9587799687839834,804
val_inner,trend,2,60_40,0.6,1.0376948059714266,0.8626988095848812,804
val_inner,trend,2,70_30,0.7,0.9491411006979819,0.7817266980194532,804
val_inner,trend,2,80_20,0.8,0.8770282453236123,0.7181812587366053,804
val_inner,trend,2,90_10,0.9,0.8329987772384785,0.6794642333632737,804
test_final,trend,2,10_90,0.1,1.6213897809398399,1.4162959256693737,871
test_final,trend,2,20_80,0.2,1.492655994396938,1.2946188245868073,871
test_final,trend,2,30_70,0.3,1.3712395050131354,1.176565350950305,871
test_final,trend,2,40_60,0.4,1.260612798352278,1.0708881255371596,871
test_final,trend,2,50_50,0.5,1.1539792311900328,0.9735889382504119,871
test_final,trend,2,60_40,0.6,1.0629334645439787,0.8894548793214598,871
test_final,trend,2,70_30,0.7,0.9896166995988162,0.8164232683259742,871
test_final,trend,2,80_20,0.8,0.9395659658642006,0.7610011994895107,871
test_final,trend,2,90_10,0.9,0.9171500825119648,0.7276158326558693,871
val_inner,regular,2,10_90,0.1,1.6533701411413293,1.441965865006924,4858
val_inner,regular,2,20_80,0.2,1.5256618172822873,1.323698272725906,4858
val_inner,regular,2,30_70,0.3,1.39674404481341,1.202769248525687,4858
val_inner,regular,2,40_60,0.4,1.2732779208284084,1.0878032197491965,4858
val_inner,regular,2,50_50,0.5,1.158314064019631,0.9819756832873797,4858
val_inner,regular,2,60_40,0.6,1.0530061830172142,0.8854669304061111,4858
val_inner,regular,2,70_30,0.7,0.9662901550792636,0.8040267490365806,4858
val_inner,regular,2,80_20,0.8,0.8982687648032306,0.7358580367549971,4858
val_inner,regular,2,90_10,0.9,0.8561432407117776,0.6864045466184749,4858
test_final,regular,2,10_90,0.1,1.6297330706416662,1.421962860972178,5032
test_final,regular,2,20_80,0.2,1.5148644416665438,1.3161533223318587,5032
test_final,regular,2,30_70,0.3,1.3948673026077776,1.204755128509955,5032
test_final,regular,2,40_60,0.4,1.2808125396183803,1.0964189446960841,5032
test_final,regular,2,50_50,0.5,1.1742971300356861,0.9967000643185789,5032
test_final,regular,2,60_40,0.6,1.0803048254431027,0.9078782790734217,5032
test_final,regular,2,70_30,0.7,0.9980751357226353,0.8255147103382259,5032
test_final,regular,2,80_20,0.8,0.9367565683422919,0.759964104152942,5032
test_final,regular,2,90_10,0.9,0.9033605728762014,0.7176820428339127,5032
val_inner,new,3,10_90,0.1,1.7489391231871132,1.4804024454074707,364
val_inner,new,3,20_80,0.2,1.6173405817905593,1.3579034696302672,364
val_inner,new,3,30_70,0.3,1.4917576748343029,1.2452358513576212,364
val_inner,new,3,40_60,0.4,1.3738410626327087,1.1410510554641717,364
val_inner,new,3,50_50,0.5,1.2657351509509398,1.0454163298193062,364
val_inner,new,3,60_40,0.6,1.1701622030121004,0.9624980042969196,364
val_inner,new,3,70_30,0.7,1.0904226668552746,0.8899876947215646,364
val_inner,new,3,80_20,0.8,1.0301997405618537,0.8355190882635058,364
val_inner,new,3,90_10,0.9,0.9930505125843078,0.7958821148612575,364
test_final,new,3,10_90,0.1,1.7977343987539696,1.5539522319383885,369
test_final,new,3,20_80,0.2,1.6664492999335763,1.4317905276394778,369
test_final,new,3,30_70,0.3,1.541137343891259,1.31621477076659,369
test_final,new,3,40_60,0.4,1.4233770051973544,1.2091559096654396,369
test_final,new,3,50_50,0.5,1.3151983226168826,1.1102009342756884,369
test_final,new,3,60_40,0.6,1.2191545838839395,1.0221597323886276,369
test_final,new,3,70_30,0.7,1.1383215335297268,0.949541994105999,369
test_final,new,3,80_20,0.8,1.0761322737893346,0.8908092629301119,369
test_final,new,3,90_10,0.9,1.0359498879703715,0.8475878908480124,369
val_inner,trend,3,10_90,0.1,1.6192229250028813,1.4200681993850015,820
val_inner,trend,3,20_80,0.2,1.4820203827320673,1.2862910520757407,820
val_inner,trend,3,30_70,0.3,1.3482829318305556,1.1550503136068753,820
val_inner,trend,3,40_60,0.4,1.219598901052704,1.0319375230764258,820
val_inner,trend,3,50_50,0.5,1.1015135840368147,0.922587701495812,820
val_inner,trend,3,60_40,0.6,0.9932450245082933,0.8271694183014775,820
val_inner,trend,3,70_30,0.7,0.9039879537040365,0.7468907847536885,820
val_inner,trend,3,80_20,0.8,0.8357940593835899,0.6850727401420397,820
val_inner,trend,3,90_10,0.9,0.7975335143129397,0.6498135766617316,820
test_final,trend,3,10_90,0.1,1.6434016642342062,1.435689634984261,876
test_final,trend,3,20_80,0.2,1.5102432115330822,1.3094964047034556,876
test_final,trend,3,30_70,0.3,1.384329810740927,1.1880714670506625,876
test_final,trend,3,40_60,0.4,1.2628532508602346,1.0733197996014157,876
test_final,trend,3,50_50,0.5,1.1467172657135623,0.9674515729294104,876
test_final,trend,3,60_40,0.6,1.0511618921701589,0.8822486319215787,876
test_final,trend,3,70_30,0.7,0.9668649841222565,0.8036415510503299,876
test_final,trend,3,80_20,0.8,0.9078345327733004,0.7434207379435303,876
test_final,trend,3,90_10,0.9,0.8754503763792256,0.7023656358706617,876
val_inner,regular,3,10_90,0.1,1.652294810716882,1.4383083246045942,4842
val_inner,regular,3,20_80,0.2,1.5229484465847027,1.3186050710912538,4842
val_inner,regular,3,30_70,0.3,1.394731136041066,1.197586732676226,4842
val_inner,regular,3,40_60,0.4,1.2731195383064582,1.0838915311029267,4842
val_inner,regular,3,50_50,0.5,1.1563861276063512,0.9764611323551285,4842
val_inner,regular,3,60_40,0.6,1.053900467688002,0.8832262880234819,4842
val_inner,regular,3,70_30,0.7,0.9663834429429045,0.8019165345637375,4842
val_inner,regular,3,80_20,0.8,0.8975960481085741,0.7345824606096941,4842
val_inner,regular,3,90_10,0.9,0.8559774846500583,0.6895683860559301,4842
test_final,regular,3,10_90,0.1,1.6361786349530492,1.4271597011061523,4975
test_final,regular,3,20_80,0.2,1.5151134160048514,1.3149289923073932,4975
test_final,regular,3,30_70,0.3,1.3965607731832392,1.2032708723261183,4975
test_final,regular,3,40_60,0.4,1.284761462402914,1.0972983120165485,4975
test_final,regular,3,50_50,0.5,1.1814808276233066,0.9989195249197392,4975
test_final,regular,3,60_40,0.6,1.0883484163744719,0.9108685153176453,4975
test_final,regular,3,70_30,0.7,1.011776835181722,0.8346457371923396,4975
test_final,regular,3,80_20,0.8,0.9591787649181053,0.7765579150030594,4975
test_final,regular,3,90_10,0.9,0.9310371088936822,0.7362495070445303,4975
val_inner,new,4,10_90,0.1,1.7092855987299953,1.4862618964501608,361
val_inner,new,4,20_80,0.2,1.576849029019578,1.3638769098226111,361
val_inner,new,4,30_70,0.3,1.450235085004581,1.2468836640309722,361
val_inner,new,4,40_60,0.4,1.33110633775087,1.1377408429288383,361
val_inner,new,4,50_50,0.5,1.2216544937857232,1.0357703717147997,361
val_inner,new,4,60_40,0.6,1.1247082560100645,0.942783497947791,361
val_inner,new,4,70_30,0.7,1.0437580942208686,0.8631154619618215,361
val_inner,new,4,80_20,0.8,0.9827647717180286,0.8025966411986621,361
val_inner,new,4,90_10,0.9,0.9455979975509825,0.7610284934425101,361
test_final,new,4,10_90,0.1,1.7445992710919882,1.4820705686313198,346
test_final,new,4,20_80,0.2,1.6123095776281149,1.3646677238906189,346
test_final,new,4,30_70,0.3,1.4871758663712242,1.2499278488092807,346
test_final,new,4,40_60,0.4,1.3711587314792,1.1442089085220493,346
test_final,new,4,50_50,0.5,1.2667654882792212,1.050018119210761,346
test_final,new,4,60_40,0.6,1.1770928865930403,0.9679738795749611,346
test_final,new,4,70_30,0.7,1.105728199436722,0.8986537556091448,346
test_final,new,4,80_20,0.8,1.0563883586921108,0.8509358166399151,346
test_final,new,4,90_10,0.9,1.0322365057097356,0.8322750877540005,346
val_inner,trend,4,10_90,0.1,1.5945367542480977,1.3997051575180468,847
val_inner,trend,4,20_80,0.2,1.4606196607381337,1.2715417199877184,847
val_inner,trend,4,30_70,0.3,1.3299063026245852,1.1452533666131675,847
val_inner,trend,4,40_60,0.4,1.205312150487855,1.0261757992304266,847
val_inner,trend,4,50_50,0.5,1.0890568179138895,0.9180805953394141,847
val_inner,trend,4,60_40,0.6,0.9824815941966839,0.8212730992947381,847
val_inner,trend,4,70_30,0.7,0.8920325755787397,0.7370614657799561,847
val_inner,trend,4,80_20,0.8,0.8189342898930996,0.6693901792181305,847
val_inner,trend,4,90_10,0.9,0.7734303728401445,0.6226643665653819,847
test_final,trend,4,10_90,0.1,1.5976893014810396,1.400185721647683,894
test_final,trend,4,20_80,0.2,1.4680393953662842,1.2775698771480606,894
test_final,trend,4,30_70,0.3,1.3529482169853484,1.167877894021144,894
test_final,trend,4,40_60,0.4,1.2400706658125442,1.061433554267612,894
test_final,trend,4,50_50,0.5,1.1398001872308876,0.9695647984903869,894
test_final,trend,4,60_40,0.6,1.0515555392488407,0.8875872011677719,894
test_final,trend,4,70_30,0.7,0.9795332360011934,0.8159590705238002,894
test_final,trend,4,80_20,0.8,0.9323842735853212,0.7602968542345555,894
test_final,trend,4,90_10,0.9,0.9094178894472927,0.7217203389019712,894
val_inner,regular,4,10_90,0.1,1.60421740179988,1.3943891345989947,4837
val_inner,regular,4,20_80,0.2,1.4797090480963844,1.2764784912777385,4837
val_inner,regular,4,30_70,0.3,1.3565084578688664,1.1580514207027444,4837
val_inner,regular,4,40_60,0.4,1.2402649889099695,1.047807543685934,4837
val_inner,regular,4,50_50,0.5,1.1307581849446426,0.946743206903989,4837
val_inner,regular,4,60_40,0.6,1.0317838090853784,0.8575924013615636,4837
val_inner,regular,4,70_30,0.7,0.9453133434072719,0.7805499287701655,4837
val_inner,regular,4,80_20,0.8,0.8808378051240254,0.7194535408815453,4837
val_inner,regular,4,90_10,0.9,0.843222326142515,0.6799220911918867,4837
test_final,regular,4,10_90,0.1,1.6027930687198242,1.3979203007405596,4931
test_final,regular,4,20_80,0.2,1.4836842332590883,1.2885180099698634,4931
test_final,regular,4,30_70,0.3,1.3710197422319073,1.1828661866048304,4931
test_final,regular,4,40_60,0.4,1.2596517810918744,1.0793224797499827,4931
test_final,regular,4,50_50,0.5,1.1584228230943434,0.9846647799743179,4931
test_final,regular,4,60_40,0.6,1.0682496232900969,0.8999785379203455,4931
test_final,regular,4,70_30,0.7,0.9886085597555617,0.8202424984529499,4931
test_final,regular,4,80_20,0.8,0.9303898097021943,0.7544762271836548,4931
test_final,regular,4,90_10,0.9,0.8957434601484192,0.7053281897452173,4931
val_inner,new,5,10_90,0.1,1.7518685633270672,1.503410430139426,355
val_inner,new,5,20_80,0.2,1.6169532319907536,1.3820466283993929,355
val_inner,new,5,30_70,0.3,1.487434799772554,1.265803757978902,355
val_inner,new,5,40_60,0.4,1.3648505597906548,1.1540871477537729,355
val_inner,new,5,50_50,0.5,1.2512402069165944,1.0501539278524292,355
val_inner,new,5,60_40,0.6,1.1492681576141717,0.9580172856934922,355
val_inner,new,5,70_30,0.7,1.0622912871074652,0.8810513803668918,355
val_inner,new,5,80_20,0.8,0.9942527330012072,0.8187993729722,355
val_inner,new,5,90_10,0.9,0.9492336136872088,0.7766868904699203,355
test_final,new,5,10_90,0.1,1.7173002120146812,1.4807743184349813,324
test_final,new,5,20_80,0.2,1.5881256087242885,1.36371028325331,324
test_final,new,5,30_70,0.3,1.465432270775737,1.2515332469996805,324
test_final,new,5,40_60,0.4,1.3509871915087837,1.1447954307482227,324
test_final,new,5,50_50,0.5,1.2470633116467928,1.0474606731914256,324
test_final,new,5,60_40,0.6,1.1565004432056907,0.9605543680253521,324
test_final,new,5,70_30,0.7,1.082656689472369,0.8866890016409574,324
test_final,new,5,80_20,0.8,1.0291373084425604,0.8279607307839358,324
test_final,new,5,90_10,0.9,0.9992134668039371,0.7898494780067145,324
val_inner,trend,5,10_90,0.1,1.525974036858841,1.3286519675896071,809
val_inner,trend,5,20_80,0.2,1.3999973778478814,1.2077862973104136,809
val_inner,trend,5,30_70,0.3,1.282922476996044,1.0958705595505238,809
val_inner,trend,5,40_60,0.4,1.1700064274615236,0.991539419379352,809
val_inner,trend,5,50_50,0.5,1.0602379804611342,0.8939040504375165,809
val_inner,trend,5,60_40,0.6,0.9667824898985559,0.8112495829696543,809
val_inner,trend,5,70_30,0.7,0.8899478432980095,0.7385346986507403,809
val_inner,trend,5,80_20,0.8,0.8345470874416269,0.6823902285139111,809
val_inner,trend,5,90_10,0.9,0.8037501910096525,0.6467948186362331,809
test_final,trend,5,10_90,0.1,1.5552149421938601,1.3663598614579748,842
test_final,trend,5,20_80,0.2,1.4372185494741812,1.2541176264770568,842
test_final,trend,5,30_70,0.3,1.3251435400693896,1.146378816468231,842
test_final,trend,5,40_60,0.4,1.2211646064542603,1.0484829729481073,842
test_final,trend,5,50_50,0.5,1.1262931008791226,0.9604253830852834,842
test_final,trend,5,60_40,0.6,1.0454072365666638,0.8835016353874287,842
test_final,trend,5,70_30,0.7,0.9832067834076411,0.8173097292384397,842
test_final,trend,5,80_20,0.8,0.9428583605031102,0.7652184451927312,842
test_final,trend,5,90_10,0.9,0.9247447935477155,0.7317370048859262,842
val_inner,regular,5,10_90,0.1,1.5678612946243728,1.3552012431673433,4884
val_inner,regular,5,20_80,0.2,1.4529768178947877,1.249283081331485,4884
val_inner,regular,5,30_70,0.3,1.3370745164406221,1.1418325125244877,4884
val_inner,regular,5,40_60,0.4,1.2247627239327759,1.0384228577040762,4884
val_inner,regular,5,50_50,0.5,1.1252258487493962,0.9468050499339009,4884
val_inner,regular,5,60_40,0.6,1.0313298233574721,0.8604803324758314,4884
val_inner,regular,5,70_30,0.7,0.952604422638612,0.7861856116102989,4884
val_inner,regular,5,80_20,0.8,0.8896125445516773,0.7258468359592808,4884
val_inner,regular,5,90_10,0.9,0.8523978424355041,0.6851342840354161,4884
test_final,regular,5,10_90,0.1,1.56590856154611,1.3572071955820355,4952
test_final,regular,5,20_80,0.2,1.4569068405310017,1.2574218988581554,4952
test_final,regular,5,30_70,0.3,1.3531575945446765,1.1606282818642268,4952
test_final,regular,5,40_60,0.4,1.2530726227415159,1.066941019820981,4952
test_final,regular,5,50_50,0.5,1.1563742498267473,0.9776012412927885,4952
test_final,regular,5,60_40,0.6,1.0701209144488553,0.8971967441975938,4952
test_final,regular,5,70_30,0.7,0.997133285474915,0.8239446484486828,4952
test_final,regular,5,80_20,0.8,0.9459266282444856,0.7677071739662548,4952
test_final,regular,5,90_10,0.9,0.9185190554517434,0.7296291893446538,4952
val_inner,new,6,10_90,0.1,1.7654591943781974,1.5226033496737694,334
val_inner,new,6,20_80,0.2,1.634672001747009,1.4001500455017626,334
val_inner,new,6,30_70,0.3,1.508597029976472,1.2848197300167892,334
val_inner,new,6,40_60,0.4,1.3885184563732986,1.1760070719089657,334
val_inner,new,6,50_50,0.5,1.276130113978172,1.0741758454489465,334
val_inner,new,6,60_40,0.6,1.1736433407095166,0.9772607892652202,334
val_inner,new,6,70_30,0.7,1.0838705521688672,0.8933530724502621,334
val_inner,new,6,80_20,0.8,1.0102069668157574,0.8235590569826917,334
val_inner,new,6,90_10,0.9,0.956382202377553,0.7696828706160602,334
test_final,new,6,10_90,0.1,1.5560008462045014,1.314956790599458,299
test_final,new,6,20_80,0.2,1.440389239899878,1.2134675639864985,299
test_final,new,6,30_70,0.3,1.3328717449252474,1.1217414572912632,299
test_final,new,6,40_60,0.4,1.2355631960330067,1.0338385047269139,299
test_final,new,6,50_50,0.5,1.1510556595286878,0.9562034090369059,299
test_final,new,6,60_40,0.6,1.0823517211356237,0.8911734982271233,299
test_final,new,6,70_30,0.7,1.032610653696722,0.8432662542718085,299
test_final,new,6,80_20,0.8,1.0046530112338266,0.8141466406413239,299
test_final,new,6,90_10,0.9,1.0003069432953664,0.8029041421761026,299
val_inner,trend,6,10_90,0.1,1.5407314564668062,1.3358980314997886,863
val_inner,trend,6,20_80,0.2,1.4109478826015247,1.2122303543006248,863
val_inner,trend,6,30_70,0.3,1.2858197170627446,1.0922775231941384,863
val_inner,trend,6,40_60,0.4,1.1731840339107333,0.987075318907242,863
val_inner,trend,6,50_50,0.5,1.066306108729309,0.8904647694093284,863
val_inner,trend,6,60_40,0.6,0.9719475738948345,0.8065447760271567,863
val_inner,trend,6,70_30,0.7,0.8949153424692566,0.7355496254308486,863
val_inner,trend,6,80_20,0.8,0.8347424408029552,0.6769058073331469,863
val_inner,trend,6,90_10,0.9,0.8022216745416385,0.6442114696699816,863
test_final,trend,6,10_90,0.1,1.5928031027489564,1.3865905557311407,882
test_final,trend,6,20_80,0.2,1.4679196193617041,1.2659461665889915,882
test_final,trend,6,30_70,0.3,1.3459489385928312,1.1473246892688098,882
test_final,trend,6,40_60,0.4,1.2348961540492243,1.0390954459627497,882
test_final,trend,6,50_50,0.5,1.1324061147865427,0.9428991169609268,882
test_final,trend,6,60_40,0.6,1.0449375902690894,0.8592542139344845,882
test_final,trend,6,70_30,0.7,0.9705343759860868,0.7877751729483269,882
test_final,trend,6,80_20,0.8,0.9188532437759152,0.7298699492557593,882
test_final,trend,6,90_10,0.9,0.8933157107760996,0.6928950022758149,882
val_inner,regular,6,10_90,0.1,1.5563923092528753,1.346613228718382,4856
val_inner,regular,6,20_80,0.2,1.4379640196875407,1.2366389279731576,4856
val_inner,regular,6,30_70,0.3,1.3219113835770075,1.1291085624048929,4856
val_inner,regular,6,40_60,0.4,1.2104868363570889,1.0264588095097376,4856
val_inner,regular,6,50_50,0.5,1.1077343032921676,0.9321974209971965,4856
val_inner,regular,6,60_40,0.6,1.0154350247843285,0.8469645253033506,4856
val_inner,regular,6,70_30,0.7,0.9392138347185729,0.7759686618973453,4856
val_inner,regular,6,80_20,0.8,0.8799026673716235,0.7170865810435637,4856
val_inner,regular,6,90_10,0.9,0.845861246747094,0.6792247842789173,4856
test_final,regular,6,10_90,0.1,1.5595063409147027,1.3506877741473668,4883
test_final,regular,6,20_80,0.2,1.4466835801475577,1.2446813496619844,4883
test_final,regular,6,30_70,0.3,1.3377193953154127,1.1416269387404017,4883
test_final,regular,6,40_60,0.4,1.2342089269680383,1.0444081617943912,4883
test_final,regular,6,50_50,0.5,1.1369199140325104,0.9522017769660773,4883
test_final,regular,6,60_40,0.6,1.0541056162052551,0.8742932797122428,4883
test_final,regular,6,70_30,0.7,0.9839220948316613,0.8039574362142224,4883
test_final,regular,6,80_20,0.8,0.9362194677291281,0.7506582184364042,4883
test_final,regular,6,90_10,0.9,0.913151522595553,0.715972598456629,4883
val_inner,new,7,10_90,0.1,1.7241141921260152,1.5035493281754355,319
val_inner,new,7,20_80,0.2,1.5793608333576707,1.3686016862871846,319
val_inner,new,7,30_70,0.3,1.4403651855011008,1.2383829248084421,319
val_inner,new,7,40_60,0.4,1.3089627284489407,1.114507610123901,319
val_inner,new,7,50_50,0.5,1.1876764342778134,0.9976874603039579,319
val_inner,new,7,60_40,0.6,1.0799201506661116,0.893630872709152,319
val_inner,new,7,70_30,0.7,0.9901212462603071,0.8095422956120775,319
val_inner,new,7,80_20,0.8,0.9235328710895462,0.7442346840911405,319
val_inner,new,7,90_10,0.9,0.8854073508138658,0.7042475158710202,319
test_final,new,7,10_90,0.1,1.7558226548892775,1.5232451230839819,283
test_final,new,7,20_80,0.2,1.6174799113690488,1.3968604477716273,283
test_final,new,7,30_70,0.3,1.4855194141886623,1.2777855241199165,283
test_final,new,7,40_60,0.4,1.3617977802043268,1.1629559092101038,283
test_final,new,7,50_50,0.5,1.248766213667091,1.0577247952219204,283
test_final,new,7,60_40,0.6,1.1495823226774402,0.9632763940459604,283
test_final,new,7,70_30,0.7,1.068110750258361,0.8845806410519332,283
test_final,new,7,80_20,0.8,1.0086526810609808,0.8233237620765509,283
test_final,new,7,90_10,0.9,0.9752427826928716,0.7807684624897208,283
val_inner,trend,7,10_90,0.1,1.704971198365643,1.499600547307665,850
val_inner,trend,7,20_80,0.2,1.5638439882884014,1.3637504206711994,850
val_inner,trend,7,30_70,0.3,1.427183200059353,1.2327413012278232,850
val_inner,trend,7,40_60,0.4,1.2959795485268268,1.1074612595602495,850
val_inner,trend,7,50_50,0.5,1.1724455506110643,0.9928629804933096,850
val_inner,trend,7,60_40,0.6,1.0615604301762211,0.893507633977674,850
val_inner,trend,7,70_30,0.7,0.964869500321508,0.8070638463731988,850
val_inner,trend,7,80_20,0.8,0.886128901776531,0.7333748567780493,850
val_inner,trend,7,90_10,0.9,0.8381783406147352,0.6874800741200962,850
test_final,trend,7,10_90,0.1,1.6312800458273187,1.4127276240273128,853
test_final,trend,7,20_80,0.2,1.4984552810473013,1.290751961265611,853
test_final,trend,7,30_70,0.3,1.3715909011957523,1.1727985233023717,853
test_final,trend,7,40_60,0.4,1.2537344862588649,1.0614377486472386,853
test_final,trend,7,50_50,0.5,1.1470652958839225,0.963253053413387,853
test_final,trend,7,60_40,0.6,1.0578393532509576,0.8801477628350014,853
test_final,trend,7,70_30,0.7,0.9831690894615561,0.8030230352688638,853
test_final,trend,7,80_20,0.8,0.937338744315599,0.747884024782757,853
test_final,trend,7,90_10,0.9,0.9221321479451893,0.7217912442189203,853
val_inner,regular,7,10_90,0.1,1.69975609926628,1.491335563020156,4892
val_inner,regular,7,20_80,0.2,1.5633985070767205,1.3624737886314964,4892
val_inner,regular,7,30_70,0.3,1.4309929914805581,1.2369162696825002,4892
val_inner,regular,7,40_60,0.4,1.3025670124167195,1.1146435510186767,4892
val_inner,regular,7,50_50,0.5,1.1805219598448358,1.0000819653926567,4892
val_inner,regular,7,60_40,0.6,1.0674973425364185,0.8957867995856649,4892
val_inner,regular,7,70_30,0.7,0.9708895691282176,0.8061497639530533,4892
val_inner,regular,7,80_20,0.8,0.8957017864773638,0.7339217323585339,4892
val_inner,regular,7,90_10,0.9,0.851071387462403,0.6858416521814449,4892
test_final,regular,7,10_90,0.1,1.655920337655745,1.445443631445986,4873
test_final,regular,7,20_80,0.2,1.5295529664807122,1.3290907818702473,4873
test_final,regular,7,30_70,0.3,1.4029822892080714,1.2099495637591535,4873
test_final,regular,7,40_60,0.4,1.2815750227935294,1.0939088376734365,4873
test_final,regular,7,50_50,0.5,1.1707348232096468,0.9891416144221391,4873
test_final,regular,7,60_40,0.6,1.0705104175333437,0.8940768612034802,4873
test_final,regular,7,70_30,0.7,0.9894231413926825,0.8142603873198706,4873
test_final,regular,7,80_20,0.8,0.9300396865647673,0.7494800833553966,4873
test_final,regular,7,90_10,0.9,0.9012609421850499,0.708219789446326,4873
val_inner,new,8,10_90,0.1,1.6928163948634567,1.445551768618577,319
val_inner,new,8,20_80,0.2,1.5672203410067604,1.3332901167864935,319
val_inner,new,8,30_70,0.3,1.4471896865378757,1.2280369924215682,319
val_inner,new,8,40_60,0.4,1.3342273124873636,1.1279117295886343,319
val_inner,new,8,50_50,0.5,1.2302817542995272,1.034216179355982,319
val_inner,new,8,60_40,0.6,1.1378268803059641,0.9495447519838711,319
val_inner,new,8,70_30,0.7,1.0598740326759093,0.8754848171920784,319
val_inner,new,8,80_20,0.8,0.9998210148541571,0.817570355346953,319
val_inner,new,8,90_10,0.9,0.9610292916226383,0.775743025649845,319
test_final,new,8,10_90,0.1,1.6903786111954482,1.4442977170391051,280
test_final,new,8,20_80,0.2,1.5687897134329116,1.3304227379007902,280
test_final,new,8,30_70,0.3,1.4536570892858678,1.2213452880763995,280
test_final,new,8,40_60,0.4,1.346637721869354,1.125534639903414,280
test_final,new,8,50_50,0.5,1.2498175175457358,1.0384045830898962,280
test_final,new,8,60_40,0.6,1.1657405169415562,0.9602837726028323,280
test_final,new,8,70_30,0.7,1.097339751848272,0.89513619081854,280
test_final,new,8,80_20,0.8,1.047690107620553,0.8458178770990982,280
test_final,new,8,90_10,0.9,1.019534719711783,0.8084724166422587,280
val_inner,trend,8,10_90,0.1,1.5371063862767587,1.3340494772633578,835
val_inner,trend,8,20_80,0.2,1.4124336813203977,1.2145276149475284,835
val_inner,trend,8,30_70,0.3,1.295180059488462,1.1020337195109267,835
val_inner,trend,8,40_60,0.4,1.1836764001031468,0.9985997324361919,835
val_inner,trend,8,50_50,0.5,1.0796086302446097,0.9055475410577488,835
val_inner,trend,8,60_40,0.6,0.9897930072667508,0.8273405120410556,835
val_inner,trend,8,70_30,0.7,0.9170074333515127,0.763374518766814,835
val_inner,trend,8,80_20,0.8,0.8601388044685285,0.7056552173328347,835
val_inner,trend,8,90_10,0.9,0.8257690053798106,0.6646765524960364,835
test_final,trend,8,10_90,0.1,1.5806898575333532,1.3733511660768152,825
test_final,trend,8,20_80,0.2,1.4615916883307194,1.2634788461800495,825
test_final,trend,8,30_70,0.3,1.3500768240608665,1.159288227153321,825
test_final,trend,8,40_60,0.4,1.2430543637066322,1.0588008355783227,825
test_final,trend,8,50_50,0.5,1.1459765251360827,0.9713735886694562,825
test_final,trend,8,60_40,0.6,1.062701110682083,0.8924800482314985,825
test_final,trend,8,70_30,0.7,0.9979052943884731,0.8288589430453251,825
test_final,trend,8,80_20,0.8,0.9509169067239573,0.7774203135657235,825
test_final,trend,8,90_10,0.9,0.9313415838704348,0.7479583562428165,825
val_inner,regular,8,10_90,0.1,1.5538279224078597,1.349755069092203,4910
val_inner,regular,8,20_80,0.2,1.4370384562370206,1.2414935993582104,4910
val_inner,regular,8,30_70,0.3,1.3224081828342809,1.1337505600625128,4910
val_inner,regular,8,40_60,0.4,1.2128709738813508,1.0312282943153064,4910
val_inner,regular,8,50_50,0.5,1.1121059609034911,0.9367495469741058,4910
val_inner,regular,8,60_40,0.6,1.0235481686726315,0.8550884915925183,4910
val_inner,regular,8,70_30,0.7,0.947403354343265,0.7834471540835339,4910
val_inner,regular,8,80_20,0.8,0.8870650521185215,0.7230775548803041,4910
val_inner,regular,8,90_10,0.9,0.8525874535711103,0.6831942828426231,4910
test_final,regular,8,10_90,0.1,1.5376395102446534,1.324748683467366,4853
test_final,regular,8,20_80,0.2,1.4288886982059683,1.2249383434874315,4853
test_final,regular,8,30_70,0.3,1.3236210996148319,1.1280660626480792,4853
test_final,regular,8,40_60,0.4,1.2215796670237864,1.0334081035884832,4853
test_final,regular,8,50_50,0.5,1.1290310496519589,0.947445217013026,4853
test_final,regular,8,60_40,0.6,1.0419735410046342,0.8668120905076603,4853
test_final,regular,8,70_30,0.7,0.9752513997853047,0.8017113436429024,4853
test_final,regular,8,80_20,0.8,0.9286766716081953,0.7486487854286922,4853
test_final,regular,8,90_10,0.9,0.9070414991085278,0.7154481081774678,4853
val_inner,new,9,10_90,0.1,1.7440206910141545,1.5147319525570866,317
val_inner,new,9,20_80,0.2,1.6083113492444425,1.3899217412807876,317
val_inner,new,9,30_70,0.3,1.4780127664471436,1.2676804146085614,317
val_inner,new,9,40_60,0.4,1.3546871209627207,1.1541227553870963,317
val_inner,new,9,50_50,0.5,1.2404159664697396,1.0485586608851427,317
val_inner,new,9,60_40,0.6,1.137930340703296,0.9532531057426789,317
val_inner,new,9,70_30,0.7,1.0506846658072286,0.8704899282217924,317
val_inner,new,9,80_20,0.8,0.9827462489783633,0.7998668476507788,317
val_inner,new,9,90_10,0.9,0.9383182983662347,0.7435835928199792,317
test_final,new,9,10_90,0.1,1.7228426357795434,1.4838530839037198,271
test_final,new,9,20_80,0.2,1.5962603795670667,1.3680498654146225,271
test_final,new,9,30_70,0.3,1.4769592559841154,1.261963691587656,271
test_final,new,9,40_60,0.4,1.3668471315565867,1.1655862214224337,271
test_final,new,9,50_50,0.5,1.2683195618603185,1.0788533886233926,271
test_final,new,9,60_40,0.6,1.1842714780388803,0.9983602189792227,271
test_final,new,9,70_30,0.7,1.1179733221955708,0.9290522538081548,271
test_final,new,9,80_20,0.8,1.0727211927296725,0.8750718075941518,271
test_final,new,9,90_10,0.9,1.0512364901712197,0.8350508146933563,271
val_inner,trend,9,10_90,0.1,1.6290406779652598,1.4325246168930381,839
val_inner,trend,9,20_80,0.2,1.4971159772409213,1.3029709911424718,839
val_inner,trend,9,30_70,0.3,1.366867075685715,1.1729400451859697,839
val_inner,trend,9,40_60,0.4,1.2406371459775074,1.0496049240951246,839
val_inner,trend,9,50_50,0.5,1.124371130364,0.9419819422717477,839
val_inner,trend,9,60_40,0.6,1.0194386000918698,0.8486203573192302,839
val_inner,trend,9,70_30,0.7,0.9274874867726077,0.7674013867631797,839
val_inner,trend,9,80_20,0.8,0.8570420006348693,0.7012923768834601,839
val_inner,trend,9,90_10,0.9,0.8115025745803012,0.6571904602436791,839
test_final,trend,9,10_90,0.1,1.6235353118517304,1.4299254440966,819
test_final,trend,9,20_80,0.2,1.4945704118782897,1.306657237453519,819
test_final,trend,9,30_70,0.3,1.3716255524825938,1.188990449290269,819
test_final,trend,9,40_60,0.4,1.259586793035256,1.0826715314469952,819
test_final,trend,9,50_50,0.5,1.1516983345868093,0.9808271877220549,819
test_final,trend,9,60_40,0.6,1.0600953630315728,0.8920588926789755,819
test_final,trend,9,70_30,0.7,0.985788588807731,0.813132310872176,819
test_final,trend,9,80_20,0.8,0.9314029747882723,0.7476269808503397,819
test_final,trend,9,90_10,0.9,0.9036645607729271,0.7083272478977363,819
val_inner,regular,9,10_90,0.1,1.5967955691856004,1.383798541632804,4903
val_inner,regular,9,20_80,0.2,1.4729850373343265,1.2680411954649504,4903
val_inner,regular,9,30_70,0.3,1.348258503455542,1.151773823840376,4903
val_inner,regular,9,40_60,0.4,1.2325763233730758,1.0432718322132088,4903
val_inner,regular,9,50_50,0.5,1.1213070396855747,0.9406906279606873,4903
val_inner,regular,9,60_40,0.6,1.0229548085848905,0.8525880852149476,4903
val_inner,regular,9,70_30,0.7,0.9375464289802768,0.7762857496413775,4903
val_inner,regular,9,80_20,0.8,0.8756069146287139,0.7182074431884825,4903
val_inner,regular,9,90_10,0.9,0.8406324293771681,0.6795376600774318,4903
test_final,regular,9,10_90,0.1,1.5963286554128944,1.3864815222522042,4817
test_final,regular,9,20_80,0.2,1.4774667175766216,1.2765344201400672,4817
test_final,regular,9,30_70,0.3,1.3654840380059023,1.1706279777904565,4817
test_final,regular,9,40_60,0.4,1.258737618514194,1.0684119141514787,4817
test_final,regular,9,50_50,0.5,1.1604488097476793,0.9752643379650687,4817
test_final,regular,9,60_40,0.6,1.075312402885062,0.8955466683870567,4817
test_final,regular,9,70_30,0.7,1.0030400016850083,0.8233104816730817,4817
test_final,regular,9,80_20,0.8,0.9555118534061915,0.7684352137172841,4817
test_final,regular,9,90_10,0.9,0.9323359578367079,0.73510791954158,4817
