protocol,split,segment,fold,metric,slope,r_squared,range
fullcatalog,n/a,new,0,precision,-0.01833333333333333,0.7839136183340679,0.01714285714285714
fullcatalog,n/a,new,1,precision,-0.010024154589371979,0.8554221854304632,0.009420289855072463
fullcatalog,n/a,new,2,precision,-0.014054726368159208,0.8941876750700283,0.012686567164179105
fullcatalog,n/a,new,3,precision,-0.011237373737373735,0.8827265973254087,0.007575757575757574
fullcatalog,n/a,new,4,precision,-0.006933333333333334,0.885589519650655,0.006400000000000001
fullcatalog,n/a,new,5,precision,-0.008194444444444443,0.9357526881720429,0.007500000000000001
fullcatalog,n/a,new,6,precision,-0.014564564564564567,0.9561991869918698,0.012612612612612617
fullcatalog,n/a,new,7,precision,1.0342631633285968e-19,1.2943373521323555e-33,0.0027272727272727275
fullcatalog,n/a,new,8,precision,-0.004393939393939395,0.742058823529412,0.004545454545454547
fullcatalog,n/a,new,9,precision,-0.005072463768115943,0.9280303030303029,0.003478260869565219
fullcatalog,n/a,regular,0,precision,-0.015194532071503678,0.8721605346513974,0.01246056782334385
fullcatalog,n/a,regular,1,precision,-0.02060988433228181,0.9788139371934519,0.016403785488958995
fullcatalog,n/a,regular,2,precision,-0.0205511811023622,0.9817382624847876,0.01685039370078739
fullcatalog,n/a,regular,3,precision,-0.015771458662453934,0.9439813028378998,0.012322274881516604
fullcatalog,n/a,regular,4,precision,-0.015989583333333342,0.9705052515960729,0.014687500000000013
fullcatalog,n/a,regular,5,precision,-0.024725274725274724,0.9766524978856188,0.018995290423861846
fullcatalog,n/a,regular,6,precision,-0.010341207349081364,0.8591130460448642,0.008031496062992124
fullcatalog,n/a,regular,7,precision,-0.014921875,0.88317462879277,0.013749999999999998
fullcatalog,n/a,regular,8,precision,-0.012715855572998432,0.9327944815965457,0.00989010989010989
fullcatalog,n/a,regular,9,precision,-0.002594339622641502,0.451243093922649,0.0037735849056603765
fullcatalog,n/a,trend,0,precision,-0.012626262626262624,0.5613772455089824,0.012878787878787878
fullcatalog,n/a,trend,1,precision,-0.005889724310776948,0.3114191729323314,0.01052631578947369
fullcatalog,n/a,trend,2,precision,-0.014411027568922301,0.9304643527204502,0.010526315789473675
fullcatalog,n/a,trend,3,precision,-0.02549751243781094,0.941420250896057,0.017910447761194027
fullcatalog,n/a,trend,4,precision,-0.02120098039215686,0.8882766125840922,0.016176470588235292
fullcatalog,n/a,trend,5,precision,-0.012962962962962959,0.8524484536082474,0.009629629629629634
fullcatalog,n/a,trend,6,precision,-0.005308641975308644,0.5754149377593368,0.005185185185185182
fullcatalog,n/a,trend,7,precision,-0.024396135265700492,0.8375205254515597,0.01811594202898552
fullcatalog,n/a,trend,8,precision,0.0011029411764705893,0.019983552631578964,0.0058823529411764774
fullcatalog,n/a,trend,9,precision,0.003406326034063257,0.38181818181818133,0.005109489051094887
testonly,test_final,new,0,precision,0.40793650793650793,0.7831858538248329,0.3226190476190477
testonly,test_final,new,1,precision,0.4144524959742351,0.7851801937508799,0.3780193236714976
testonly,test_final,new,2,precision,0.46807628524046424,0.910813508131746,0.4129353233830846
testonly,test_final,new,3,precision,0.47264309764309764,0.8415643086888244,0.3712121212121212
testonly,test_final,new,4,precision,0.4888888888888889,0.8353276877761415,0.3853333333333333
testonly,test_final,new,5,precision,0.4652777777777779,0.9349486253818388,0.38749999999999996
testonly,test_final,new,6,precision,0.43918918918918914,0.8511083662167988,0.4354354354354354
testonly,test_final,new,7,precision,0.4992424242424242,0.8314250159540524,0.4409090909090909
testonly,test_final,new,8,precision,0.2969696969696969,0.6789678331565923,0.2909090909090909
testonly,test_final,new,9,precision,0.30434782608695654,0.7455201172095123,0.23043478260869568
testonly,val_inner,new,0,precision,0.4893483709273184,0.9064750232825413,0.4285714285714286
testonly,val_inner,new,1,precision,0.4824561403508772,0.8440418343330041,0.3984962406015038
testonly,val_inner,new,2,precision,0.5288379983036471,0.8196883972153596,0.43256997455470736
testonly,val_inner,new,3,precision,0.32205513784461154,0.8841900937081663,0.2368421052631579
testonly,val_inner,new,4,precision,0.5130208333333334,0.7805380038548564,0.3984375
testonly,val_inner,new,5,precision,0.5474254742547425,0.7993731021647569,0.4796747967479674
testonly,val_inner,new,6,precision,0.5300361336946704,0.8190780356275468,0.4281842818428184
testonly,val_inner,new,7,precision,0.5855072463768117,0.7794460362941742,0.4739130434782609
testonly,val_inner,new,8,precision,0.2598870056497175,0.6356342699793478,0.2669491525423729
testonly,val_inner,new,9,precision,0.4608796296296296,0.9156500428095377,0.3944444444444444
testonly,test_final,regular,0,precision,1.208859200006676,0.7250636698747851,1.002123078463772
testonly,test_final,regular,1,precision,1.1666741775574585,0.8198502402944967,0.928091983375895
testonly,test_final,regular,2,precision,1.5092035370578676,0.8844952112599938,1.1894413198350207
testonly,test_final,regular,3,precision,1.6720005098757074,0.8408009101468387,1.2594021916296798
testonly,test_final,regular,4,precision,1.1892837508267196,0.8442737121608935,0.9239273313492063
testonly,test_final,regular,5,precision,1.0573219580872641,0.7930538053694174,0.9528544018339934
testonly,test_final,regular,6,precision,1.1418170645335999,0.7453546279206019,0.9905680539932509
testonly,test_final,regular,7,precision,1.1483006779100529,0.8526563116112322,0.9799553571428571
testonly,test_final,regular,8,precision,0.826726740757353,0.6426310271618416,0.7893305673917916
testonly,test_final,regular,9,precision,1.1452093940301487,0.8626973253385751,0.8445517620045923
testonly,val_inner,regular,0,precision,0.9666533129768425,0.830347356260776,0.7218487394957984
testonly,val_inner,regular,1,precision,1.3251650810474342,0.8847424117549858,0.9770648800060566
testonly,val_inner,regular,2,precision,1.6893737207742026,0.9126897211066902,1.221397997401208
testonly,val_inner,regular,3,precision,1.5951030687830687,0.9087149126038075,1.1734463492063494
testonly,val_inner,regular,4,precision,1.327805308726361,0.8323740118618805,1.0605396065922381
testonly,val_inner,regular,5,precision,1.2876692869339927,0.8876021008374886,0.9764346279052161
testonly,val_inner,regular,6,precision,0.9162085759068518,0.6369699849473496,0.9206112852664576
testonly,val_inner,regular,7,precision,1.5512517567791002,0.9431160132237383,1.1083203125
testonly,val_inner,regular,8,precision,1.054135397895118,0.7640949171965365,0.8666561751709497
testonly,val_inner,regular,9,precision,0.9224021205164284,0.7180541731691018,0.8041583351847739
testonly,test_final,trend,0,precision,1.4361767476350813,0.6896079146159647,1.2409812409812409
testonly,test_final,trend,1,precision,1.1196174961212555,0.8471717139548167,0.8219298245614036
testonly,test_final,trend,2,precision,1.6027897123761785,0.8500612743003226,1.3095238095238095
testonly,test_final,trend,3,precision,1.500500473821369,0.8242822248957747,1.1585820895522387
testonly,test_final,trend,4,precision,1.7389175809212576,0.8549210047541715,1.4854254201680677
testonly,test_final,trend,5,precision,0.9262463256907699,0.7870676102088339,0.6654320987654322
testonly,test_final,trend,6,precision,1.6278963354889278,0.7135743611627398,1.5187654320987654
testonly,test_final,trend,7,precision,1.5025017253278123,0.890277821219615,1.145479641131815
testonly,test_final,trend,8,precision,0.9971755368814194,0.6890659863890358,0.854779411764706
testonly,test_final,trend,9,precision,1.4658817054802453,0.9618918110258593,1.1738442822384427
testonly,val_inner,trend,0,precision,1.6526936026936028,0.6646849409370681,1.451839826839827
testonly,val_inner,trend,1,precision,1.0317181843497631,0.9198654895333468,0.6781954887218045
testonly,val_inner,trend,2,precision,1.8415242941960503,0.9497104273238699,1.3097964376590332
testonly,val_inner,trend,3,precision,1.7990054869684498,0.9110434661233136,1.344938271604938
testonly,val_inner,trend,4,precision,1.395896066760037,0.7189462378868685,1.185968137254902
testonly,val_inner,trend,5,precision,0.9720002939447385,0.8435155834061195,0.8308112874779543
testonly,val_inner,trend,6,precision,1.0992588702147525,0.6970856489945297,0.9813725490196075
testonly,val_inner,trend,7,precision,1.8493405413695265,0.9597703099335839,1.3224465148378193
testonly,val_inner,trend,8,precision,0.6140125373821028,0.33974485778538766,0.8623188405797102
testonly,val_inner,trend,9,precision,1.0334071949947865,0.7696308225370504,0.8437347931873482
fullcatalog,n/a,new,0,recall,-0.11607142857142858,0.7602071794568022,0.11071428571428571
fullcatalog,n/a,new,1,recall,-0.03985507246376811,0.744003036437247,0.04106280193236715
fullcatalog,n/a,new,2,recall,-0.07359038142620233,0.9092712842712843,0.0646766169154229
fullcatalog,n/a,new,3,recall,-0.051767676767676775,0.8635273972602742,0.042929292929292935
fullcatalog,n/a,new,4,recall,-0.04266666666666667,0.843956043956044,0.04266666666666667
fullcatalog,n/a,new,5,recall,-0.05856481481481482,0.9474393132030787,0.054166666666666675
fullcatalog,n/a,new,6,recall,-0.09909909909909909,0.9503999999999999,0.09009009009009009
fullcatalog,n/a,new,7,recall,0.011363636363636366,0.23116438356164382,0.022727272727272728
fullcatalog,n/a,new,8,recall,-0.03030303030303031,0.6349206349206349,0.03181818181818183
fullcatalog,n/a,new,9,recall,-0.038405797101449285,0.8427000000000001,0.030434782608695657
fullcatalog,n/a,regular,0,recall,-0.022689741096232723,0.9814609794316103,0.018559338594078753
fullcatalog,n/a,regular,1,recall,-0.039952162131187435,0.9478019187388134,0.03258793845727381
fullcatalog,n/a,regular,2,recall,-0.03547593608757208,0.987614347888581,0.029624164157290245
fullcatalog,n/a,regular,3,recall,-0.03138383587218179,0.9442178762401776,0.025334637848929975
fullcatalog,n/a,regular,4,recall,-0.029019781816696174,0.8927883292824204,0.024812204940082183
fullcatalog,n/a,regular,5,recall,-0.036066925905966274,0.9276915517144212,0.026911879058884383
fullcatalog,n/a,regular,6,recall,-0.02693280787984501,0.9773692755529924,0.019705542818689123
fullcatalog,n/a,regular,7,recall,-0.031258609684467316,0.8425613152905264,0.029532184273608944
fullcatalog,n/a,regular,8,recall,-0.03488857893825894,0.9005622812950999,0.027267822595839916
fullcatalog,n/a,regular,9,recall,-0.011026376803696383,0.4224197910537307,0.015056339319500706
fullcatalog,n/a,trend,0,recall,-0.025380883146034667,0.6123429356720502,0.024690629236083797
fullcatalog,n/a,trend,1,recall,-0.031137702801236643,0.8378155006172179,0.032549092511498526
fullcatalog,n/a,trend,2,recall,-0.04427803816901562,0.9397243195465423,0.03189738415302326
fullcatalog,n/a,trend,3,recall,-0.06437313722761481,0.9383972122510098,0.04477001025508487
fullcatalog,n/a,trend,4,recall,-0.03485953724924315,0.863601351604657,0.028328983108394892
fullcatalog,n/a,trend,5,recall,-0.024890750538898696,0.7021983646160234,0.021116990005878897
fullcatalog,n/a,trend,6,recall,-0.014459820015375572,0.5003606978603814,0.01686948853615519
fullcatalog,n/a,trend,7,recall,-0.07421147692886824,0.9400861311306603,0.05093716669803626
fullcatalog,n/a,trend,8,recall,0.0009897203831027677,0.001965819561287791,0.017714169000933713
fullcatalog,n/a,trend,9,recall,0.013857026995713137,0.7016225412032273,0.013008342022940558
testonly,test_final,new,0,recall,0.0,0.0,0.0
testonly,test_final,new,1,recall,0.0,0.0,0.0
testonly,test_final,new,2,recall,0.0,0.0,0.0
testonly,test_final,new,3,recall,0.0,0.0,0.0
testonly,test_final,new,4,recall,0.0,0.0,0.0
testonly,test_final,new,5,recall,0.0,0.0,0.0
testonly,test_final,new,6,recall,0.0,0.0,0.0
testonly,test_final,new,7,recall,0.0,0.0,0.0
testonly,test_final,new,8,recall,0.0,0.0,0.0
testonly,test_final,new,9,recall,0.0,0.0,0.0
testonly,val_inner,new,0,recall,0.0,0.0,0.0
testonly,val_inner,new,1,recall,0.0,0.0,0.0
testonly,val_inner,new,2,recall,0.0,0.0,0.0
testonly,val_inner,new,3,recall,0.0,0.0,0.0
testonly,val_inner,new,4,recall,0.0,0.0,0.0
testonly,val_inner,new,5,recall,0.0,0.0,0.0
testonly,val_inner,new,6,recall,0.0,0.0,0.0
testonly,val_inner,new,7,recall,0.0,0.0,0.0
testonly,val_inner,new,8,recall,0.0,0.0,0.0
testonly,val_inner,new,9,recall,0.0,0.0,0.0
testonly,test_final,regular,0,recall,0.018397794243446987,0.9000427712830456,0.016437822925172374
testonly,test_final,regular,1,recall,0.021355594298923475,0.8800371839920562,0.0181145134102636
testonly,test_final,regular,2,recall,0.02226958982315858,0.812978887071818,0.02000083919294915
testonly,test_final,regular,3,recall,0.01600036389350819,0.8372746688500671,0.013511285110174742
testonly,test_final,regular,4,recall,0.0188319554826832,0.8916828885363788,0.01487162843964318
testonly,test_final,regular,5,recall,0.018434725321197904,0.6848358117363318,0.016689166462690808
testonly,test_final,regular,6,recall,0.014346800206711124,0.865536833563476,0.011662031273510842
testonly,test_final,regular,7,recall,0.011255676457814057,0.8179664041213118,0.010555063396254005
testonly,test_final,regular,8,recall,0.014412898945967792,0.8151674646207688,0.012538241108418058
testonly,test_final,regular,9,recall,0.013723646550808153,0.8247243046116894,0.011814203220656072
testonly,val_inner,regular,0,recall,0.010092293516404522,0.8521621208925731,0.008389224113076632
testonly,val_inner,regular,1,recall,0.011475969643319409,0.8377843326167016,0.01069169159981731
testonly,val_inner,regular,2,recall,0.00986646412596944,0.6941102079999051,0.010382478115397276
testonly,val_inner,regular,3,recall,0.014824201894628927,0.8342812393565281,0.014075834772756202
testonly,val_inner,regular,4,recall,0.012589202487510517,0.9034158868425183,0.010818621001334683
testonly,val_inner,regular,5,recall,0.013246243772992826,0.8206629496185759,0.011753262955229826
testonly,val_inner,regular,6,recall,0.009320333231242003,0.8151705470933872,0.00859421279688044
testonly,val_inner,regular,7,recall,0.017280628792295975,0.9157874670185215,0.014026154083998432
testonly,val_inner,regular,8,recall,0.010415918120112146,0.7422570924520131,0.010537842169559664
testonly,val_inner,regular,9,recall,0.006426832733118949,0.5546225230518386,0.006923586228304024
testonly,test_final,trend,0,recall,-0.0005097420817116905,0.008441449378540461,0.004792240587695229
testonly,test_final,trend,1,recall,0.00011705086893032397,0.01254158831182665,0.0009398496240601295
testonly,test_final,trend,2,recall,0.006103959393432963,0.80684662794465,0.005172970304549107
testonly,test_final,trend,3,recall,0.0017783108268182117,0.24465222229005035,0.003233830845771113
testonly,test_final,trend,4,recall,0.004862304770392993,0.6540708847889039,0.004164279348102928
testonly,test_final,trend,5,recall,0.00014354301391343113,0.001243420488526196,0.0035626102292768413
testonly,test_final,trend,6,recall,0.008418577307466313,0.8854340761040137,0.005873015873015919
testonly,test_final,trend,7,recall,0.004209719427110829,0.5607971913153585,0.005458048392831039
testonly,test_final,trend,8,recall,-0.0010462304579950674,0.062295226437006676,0.003559757236227812
testonly,test_final,trend,9,recall,0.00028201725282001044,0.008800442108577564,0.002488387524883895
testonly,val_inner,trend,0,recall,0.0002486991123356411,0.012790110999007983,0.0019513314967860573
testonly,val_inner,trend,1,recall,0.001863243968506993,0.17916940459441064,0.0037745879851142083
testonly,val_inner,trend,2,recall,-0.001534841324917509,0.1440473452647553,0.0035714285714284477
testonly,val_inner,trend,3,recall,0.002551440329218391,0.5248975876195264,0.0029012345679013674
testonly,val_inner,trend,4,recall,-0.0036261940673706547,0.788264274799096,0.0027102187028658076
testonly,val_inner,trend,5,recall,0.0032846988402543973,0.33250785745300193,0.004371492704826063
testonly,val_inner,trend,6,recall,0.002847098435333928,0.7652018780474653,0.0028130570409983235
testonly,val_inner,trend,7,recall,0.001520336212365192,0.1770560161688256,0.0030742204655248573
testonly,val_inner,trend,8,recall,0.004597519362012229,0.35937931948573915,0.005475040257649
testonly,val_inner,trend,9,recall,-0.007686352576863527,0.8233640582089028,0.005428371304283752
fullcatalog,n/a,new,0,f1,-0.03096209346209346,0.7839643281296441,0.028996003996003994
fullcatalog,n/a,new,1,f1,-0.01580464623942885,0.8413422824047316,0.015067058545319409
fullcatalog,n/a,new,2,f1,-0.023389752867364808,0.8950220462363598,0.021065998677938978
fullcatalog,n/a,new,3,f1,-0.018330154693791054,0.887220884878994,0.012661580843399025
fullcatalog,n/a,new,4,f1,-0.011704739704739708,0.8815706727310701,0.01092773892773893
fullcatalog,n/a,new,5,f1,-0.013909932659932659,0.9432765295230092,0.012810800310800311
fullcatalog,n/a,new,6,f1,-0.025070525070525068,0.9562738201480393,0.021840021840021838
fullcatalog,n/a,new,7,f1,0.00034435261707988824,0.004831090752934393,0.0048209366391184574
fullcatalog,n/a,new,8,f1,-0.007575757575757574,0.730610966991681,0.007851239669421483
fullcatalog,n/a,new,9,f1,-0.008849363197189281,0.924178679817906,0.0061923583662714075
fullcatalog,n/a,regular,0,f1,-0.014711796041871015,0.9310871692947541,0.012113462264791153
fullcatalog,n/a,regular,1,f1,-0.023697675243657592,0.9689560519445161,0.0189628554214296
fullcatalog,n/a,regular,2,f1,-0.02174915004829879,0.9841136489194778,0.01756032756773438
fullcatalog,n/a,regular,3,f1,-0.017001993646003282,0.9485309801215498,0.012981206780598602
fullcatalog,n/a,regular,4,f1,-0.016516819376475568,0.968827112652376,0.01505743040685427
fullcatalog,n/a,regular,5,f1,-0.023380454362135924,0.9636940720517047,0.0177674035358881
fullcatalog,n/a,regular,6,f1,-0.012910669835778071,0.9471602285408243,0.009421079992933512
fullcatalog,n/a,regular,7,f1,-0.016514090839974134,0.8716487581977482,0.014962246989779826
fullcatalog,n/a,regular,8,f1,-0.015254379489009508,0.913162021427506,0.01134014113046479
fullcatalog,n/a,regular,9,f1,-0.002375790545809254,0.27772380077148745,0.0042184687805320725
fullcatalog,n/a,trend,0,f1,-0.014602226698518565,0.5636120256371431,0.015195036861586256
fullcatalog,n/a,trend,1,f1,-0.010418849868003614,0.5006850882765902,0.015407206819721492
fullcatalog,n/a,trend,2,f1,-0.020968442423492592,0.9358034515236989,0.015042926752347363
fullcatalog,n/a,trend,3,f1,-0.032788397118093865,0.9429751822954077,0.022603715494976646
fullcatalog,n/a,trend,4,f1,-0.026164031075647798,0.9069195203255743,0.020251550729264246
fullcatalog,n/a,trend,5,f1,-0.015551971365238183,0.7923689524266105,0.011713130732738573
fullcatalog,n/a,trend,6,f1,-0.006833343842437322,0.5132208582235328,0.007583601341771273
fullcatalog,n/a,trend,7,f1,-0.03492979245207829,0.8901220316097046,0.024746720079200896
fullcatalog,n/a,trend,8,f1,0.0006222249782735185,0.004145689965621818,0.007427879770121604
fullcatalog,n/a,trend,9,f1,0.006040675050979904,0.5394972648318092,0.007214130271236317
testonly,test_final,new,0,f1,0.34773809523809524,0.7846023164534597,0.28285714285714286
testonly,test_final,new,1,f1,0.3139694041867955,0.7616710695632618,0.29299516908212564
testonly,test_final,new,2,f1,0.3691542288557214,0.8605061104982308,0.33109452736318407
testonly,test_final,new,3,f1,0.3587121212121213,0.8303504811526756,0.292929292929293
testonly,test_final,new,4,f1,0.3884888888888889,0.7728206759883591,0.3253333333333333
testonly,test_final,new,5,f1,0.3843981481481481,0.9155798954353689,0.3333333333333333
testonly,test_final,new,6,f1,0.35205205205205203,0.8037217858160831,0.3546546546546547
testonly,test_final,new,7,f1,0.3858585858585859,0.8088315719459022,0.34545454545454546
testonly,test_final,new,8,f1,0.2515151515151516,0.6555171806167404,0.2484848484848485
testonly,test_final,new,9,f1,0.2565217391304348,0.7308223320431295,0.21449275362318843
testonly,val_inner,new,0,f1,0.3766499582289056,0.871761248245533,0.33107769423558897
testonly,val_inner,new,1,f1,0.3700918964076858,0.8031742974184243,0.31704260651629074
testonly,val_inner,new,2,f1,0.411323155216285,0.8032716866599519,0.34885496183206105
testonly,val_inner,new,3,f1,0.28893065998329154,0.893477774521504,0.22406015037593988
testonly,val_inner,new,4,f1,0.40729166666666666,0.7839917266371514,0.3359375
testonly,val_inner,new,5,f1,0.41847335140018077,0.7732745201428599,0.3788617886178862
testonly,val_inner,new,6,f1,0.3644083107497742,0.7994392401543613,0.3005420054200542
testonly,val_inner,new,7,f1,0.44362318840579706,0.766681747806411,0.3715942028985507
testonly,val_inner,new,8,f1,0.24270244821092285,0.6810308875176746,0.23333333333333334
testonly,val_inner,new,9,f1,0.33439814814814817,0.8736984941913898,0.3047222222222222
testonly,test_final,regular,0,f1,0.6564249340200786,0.9366941996583524,0.4734541844450675
testonly,test_final,regular,1,f1,0.5969886258728546,0.9229925841523857,0.4670397538270338
testonly,test_final,regular,2,f1,0.7322421808546119,0.9525834355230011,0.5756558102799537
testonly,test_final,regular,3,f1,0.7496806654555775,0.9203946358197559,0.5360930617139213
testonly,test_final,regular,4,f1,0.6040762979064664,0.940366412913859,0.4800796208173367
testonly,test_final,regular,5,f1,0.6055596336686789,0.935440554301105,0.48724997301995876
testonly,test_final,regular,6,f1,0.6476422264815905,0.9803909355463013,0.5079588514368572
testonly,test_final,regular,7,f1,0.6845178499913854,0.942019939779216,0.553164952449494
testonly,test_final,regular,8,f1,0.568014973049137,0.9853112693213065,0.4479243148080827
testonly,test_final,regular,9,f1,0.6483883992012995,0.9063231185747533,0.5101287263883783
testonly,val_inner,regular,0,f1,0.6188070690820194,0.942768455420928,0.4845769788136109
testonly,val_inner,regular,1,f1,0.660853223550895,0.9166437039016349,0.5044935016035113
testonly,val_inner,regular,2,f1,0.753852433776341,0.9449715756366991,0.5987513870274443
testonly,val_inner,regular,3,f1,0.7641121805724314,0.908047263846783,0.6037101109669225
testonly,val_inner,regular,4,f1,0.6219875357128125,0.9474723473887942,0.4836724033377431
testonly,val_inner,regular,5,f1,0.653707498253065,0.9271501774968315,0.5211844978360254
testonly,val_inner,regular,6,f1,0.6532088113662565,0.9782965723154264,0.5111244051509176
testonly,val_inner,regular,7,f1,0.7208706797175259,0.8844763220594403,0.5916708850590522
testonly,val_inner,regular,8,f1,0.6687067314358518,0.9617417564918419,0.5119240344409791
testonly,val_inner,regular,9,f1,0.6216528941583614,0.9307950025796595,0.47079893821974766
testonly,test_final,trend,0,f1,0.9785418108271422,0.9451172242492452,0.6525551092366949
testonly,test_final,trend,1,f1,0.8499366198448465,0.8935290084350893,0.6279815054472286
testonly,test_final,trend,2,f1,1.0182932347682456,0.9572158230040704,0.7345737166170602
testonly,test_final,trend,3,f1,0.9932082146790967,0.9613262533344362,0.7324623804121759
testonly,test_final,trend,4,f1,0.9469042608177028,0.9406418139659843,0.6760233026777145
testonly,test_final,trend,5,f1,0.8033123170810936,0.9142394853555956,0.6035247350847627
testonly,test_final,trend,6,f1,0.9962169078612148,0.9561822241020823,0.7220283843486458
testonly,test_final,trend,7,f1,0.959510802553308,0.8409919578686387,0.7858283879161229
testonly,test_final,trend,8,f1,0.8234070430053061,0.9849233148921989,0.6035152347652348
testonly,test_final,trend,9,f1,0.8863557016759769,0.9072835128233097,0.7138413023353476
testonly,val_inner,trend,0,f1,1.091564386212395,0.9288586658564711,0.7351115424979061
testonly,val_inner,trend,1,f1,0.8010715570173425,0.9567036350855073,0.6035997353567595
testonly,val_inner,trend,2,f1,1.04689945546479,0.9724451060890567,0.7953945470784267
testonly,val_inner,trend,3,f1,1.0663685363759894,0.934027684665463,0.7791123499568632
testonly,val_inner,trend,4,f1,0.9248120615767674,0.9477126518762182,0.6630428803222922
testonly,val_inner,trend,5,f1,0.7835829996637245,0.9529608803573216,0.6168686046463825
testonly,val_inner,trend,6,f1,0.9077685983901836,0.9744701171898128,0.6668545720300865
testonly,val_inner,trend,7,f1,1.0424585816506555,0.9342448241173575,0.813741569361774
testonly,val_inner,trend,8,f1,0.7671135652456041,0.972566594276043,0.5589130333056165
testonly,val_inner,trend,9,f1,0.8402512898722023,0.9105370251861138,0.6106236509040965
fullcatalog,n/a,new,0,ndcg,-0.0671798138558995,0.9608592406349405,0.06170759943122381
fullcatalog,n/a,new,1,ndcg,-0.030285824493160234,0.9391889396322046,0.027751949721553724
fullcatalog,n/a,new,2,ndcg,-0.03899839209741219,0.9771188176246881,0.03502102369956751
fullcatalog,n/a,new,3,ndcg,-0.03307241859507538,0.9400053186164126,0.02693942445174127
fullcatalog,n/a,new,4,ndcg,-0.023558512762209317,0.9519903432213522,0.022218863114010327
fullcatalog,n/a,new,5,ndcg,-0.02863650845923054,0.9379412658634128,0.02661004012153662
fullcatalog,n/a,new,6,ndcg,-0.04929114550658126,0.9670819604518311,0.0446138370508472
fullcatalog,n/a,new,7,ndcg,-0.0026515595532835023,0.0804834039078304,0.007976544329505016
fullcatalog,n/a,new,8,ndcg,-0.02633158927556437,0.9282169492258044,0.024537895267729492
fullcatalog,n/a,new,9,ndcg,-0.023503651821069824,0.9906055550524855,0.019270094417956317
fullcatalog,n/a,regular,0,ndcg,-0.017777409091574863,0.9577105434445788,0.01446978059794575
fullcatalog,n/a,regular,1,ndcg,-0.03339659386497399,0.9859469336093981,0.02820718955520754
fullcatalog,n/a,regular,2,ndcg,-0.027432843821338825,0.9717808615454148,0.023334085897483592
fullcatalog,n/a,regular,3,ndcg,-0.022082314437273754,0.9574368501300102,0.01789741802782155
fullcatalog,n/a,regular,4,ndcg,-0.021088543251555115,0.9925124513143034,0.01803268136429241
fullcatalog,n/a,regular,5,ndcg,-0.03103881430984133,0.9919706356452124,0.024431049539998223
fullcatalog,n/a,regular,6,ndcg,-0.015016499807985003,0.9709277650419958,0.01165986069739662
fullcatalog,n/a,regular,7,ndcg,-0.026079506627051587,0.9771981413923161,0.02348626160661979
fullcatalog,n/a,regular,8,ndcg,-0.02152072472619015,0.9723807158711384,0.017566448665705295
fullcatalog,n/a,regular,9,ndcg,-0.007479931786321733,0.760868503454995,0.008257963804371979
fullcatalog,n/a,trend,0,ndcg,-0.011595295527642605,0.5628286476179069,0.012400477137623822
fullcatalog,n/a,trend,1,ndcg,-0.012022745757559258,0.7035328908019295,0.014306406251799964
fullcatalog,n/a,trend,2,ndcg,-0.02116806821842314,0.9382220931341348,0.016086782569796107
fullcatalog,n/a,trend,3,ndcg,-0.03755276357000612,0.9709340895846095,0.026093752002302725
fullcatalog,n/a,trend,4,ndcg,-0.013190080623450649,0.7722118028753558,0.011520437141725681
fullcatalog,n/a,trend,5,ndcg,-0.023146789517576274,0.9501632548809131,0.017649865013463065
fullcatalog,n/a,trend,6,ndcg,-0.003957670688411498,0.22436081334470903,0.007687686093517845
fullcatalog,n/a,trend,7,ndcg,-0.03816981059203447,0.911063206749186,0.026815096157386073
fullcatalog,n/a,trend,8,ndcg,0.002601313170272751,0.05708182024671089,0.009519370025369345
fullcatalog,n/a,trend,9,ndcg,-0.0011883584615738538,0.035461463695446366,0.005979971178418322
testonly,test_final,new,0,ndcg,0.01478722251487739,0.9138096057573387,0.01192648135236729
testonly,test_final,new,1,ndcg,-0.008811924652663653,0.2199555248826269,0.013977317078087026
testonly,test_final,new,2,ndcg,0.03804710973003117,0.9677800020054028,0.031004641553908918
testonly,test_final,new,3,ndcg,0.03567094148541465,0.9708481113530288,0.02965378568271193
testonly,test_final,new,4,ndcg,-0.0006853888043895641,0.0028232208265879855,0.010142153287914124
testonly,test_final,new,5,ndcg,0.023313080171705414,0.9261102800014281,0.01671591378205295
testonly,test_final,new,6,ndcg,0.01884142399184768,0.6669230769230804,0.016624785875159698
testonly,test_final,new,7,ndcg,0.013420736233765143,0.39633027522935677,0.0201311043506478
testonly,test_final,new,8,ndcg,-0.008387960146103266,0.3668478260869561,0.0100655521753239
testonly,test_final,new,9,ndcg,-0.007488381811593614,0.31956521739130367,0.009627919472048996
testonly,val_inner,new,0,ndcg,0.013963856186942143,0.6222289677814342,0.01277696283807217
testonly,val_inner,new,1,ndcg,0.014171255506033504,0.5478166679047165,0.01557628283965129
testonly,val_inner,new,2,ndcg,0.009367199005723989,0.4287147110359579,0.011063736315117145
testonly,val_inner,new,3,ndcg,0.011006729268855152,0.5244105225737113,0.01101078855930826
testonly,val_inner,new,4,ndcg,0.021040790372986652,0.8285839086594893,0.01827667795830379
testonly,val_inner,new,5,ndcg,0.028504636861509686,0.9486605015234163,0.02006217392305687
testonly,val_inner,new,6,ndcg,0.0024376297453981297,0.015201389499362106,0.01541464857611674
testonly,val_inner,new,7,ndcg,0.0044906915160978405,0.2514938611655355,0.007688310152488609
testonly,val_inner,new,8,ndcg,0.0056565901638854586,0.4787162248384391,0.0074928446401372195
testonly,val_inner,new,9,ndcg,0.00037419789287784826,0.00195014238486873,0.006847158479086457
testonly,test_final,regular,0,ndcg,0.037464929337283896,0.9859082514342091,0.03126961972825437
testonly,test_final,regular,1,ndcg,0.029584983971170778,0.8832322440354516,0.024261595090682042
testonly,test_final,regular,2,ndcg,0.0313793291166855,0.9372470956021474,0.02614684322265004
testonly,test_final,regular,3,ndcg,0.03576624319623521,0.9655880021490778,0.027794266535270507
testonly,test_final,regular,4,ndcg,0.040296637926602534,0.9613839916864516,0.0307534043982306
testonly,test_final,regular,5,ndcg,0.0347231116814373,0.8672366906157196,0.02848353898111633
testonly,test_final,regular,6,ndcg,0.024950553122686066,0.9128445560446597,0.01985672626836399
testonly,test_final,regular,7,ndcg,0.020362554856491785,0.6459267452969614,0.019939798406063858
testonly,test_final,regular,8,ndcg,0.038687504475596046,0.9479584988428407,0.031167688244057246
testonly,test_final,regular,9,ndcg,0.02968039511344829,0.9334728663354465,0.02379925043503428
testonly,val_inner,regular,0,ndcg,0.014877474218619161,0.7486555461197679,0.012933132615357112
testonly,val_inner,regular,1,ndcg,0.023741174535152787,0.9285745809007282,0.020444845610255724
testonly,val_inner,regular,2,ndcg,0.023794350576289834,0.8691261470851437,0.02104594815363925
testonly,val_inner,regular,3,ndcg,0.02786190350425747,0.9185582700853853,0.02275168825528917
testonly,val_inner,regular,4,ndcg,0.026769585546316144,0.9417674436880894,0.02165684286316849
testonly,val_inner,regular,5,ndcg,0.03622105925587543,0.9065019034917969,0.029096830039005983
testonly,val_inner,regular,6,ndcg,0.01902831374908855,0.781104227380867,0.01793499222687045
testonly,val_inner,regular,7,ndcg,0.0169545911667036,0.874103620177254,0.0136419586799853
testonly,val_inner,regular,8,ndcg,0.022971280667790844,0.9092343741117679,0.01859489629072031
testonly,val_inner,regular,9,ndcg,0.023015457369933937,0.962637053669598,0.019107985419115292
testonly,test_final,trend,0,ndcg,0.008495146203709706,0.5142127796251951,0.01005450177039846
testonly,test_final,trend,1,ndcg,0.025161903826155983,0.9723615839951643,0.019216245149556666
testonly,test_final,trend,2,ndcg,0.02281392443455399,0.9204315167004018,0.017617137044495634
testonly,test_final,trend,3,ndcg,0.00572884736269987,0.6171566846289862,0.006991858462187528
testonly,test_final,trend,4,ndcg,0.024924623291643373,0.8545458981846535,0.020143413232499796
testonly,test_final,trend,5,ndcg,0.012081075491611894,0.5830600116943518,0.015515513927239377
testonly,test_final,trend,6,ndcg,0.029330376632522602,0.9438366581012194,0.02327091135771775
testonly,test_final,trend,7,ndcg,0.008911926451071509,0.6195721300850077,0.010117201062503578
testonly,test_final,trend,8,ndcg,0.014771833622765112,0.8241816388613038,0.011409673775020335
testonly,test_final,trend,9,ndcg,-0.004395410222547117,0.09395047739336955,0.011449880233938559
testonly,val_inner,trend,0,ndcg,0.009292491301653473,0.7801691025248907,0.009303575680866594
testonly,val_inner,trend,1,ndcg,0.02048267992104715,0.8865142931525961,0.01623461498837442
testonly,val_inner,trend,2,ndcg,0.006427294241291755,0.4643412036444654,0.00747955211293827
testonly,val_inner,trend,3,ndcg,0.01035868449439307,0.7307298195799433,0.00961758166281812
testonly,val_inner,trend,4,ndcg,0.01817196859665236,0.9109978763990338,0.012768918774835547
testonly,val_inner,trend,5,ndcg,0.010641494662295562,0.5478523642383147,0.014794403317780258
testonly,val_inner,trend,6,ndcg,0.008952468495256861,0.39025906458664184,0.011503456655265087
testonly,val_inner,trend,7,ndcg,0.012455269079570707,0.6190381034645569,0.014133117447840848
testonly,val_inner,trend,8,ndcg,0.020311103153330658,0.9153394657042454,0.01729541111421784
testonly,val_inner,trend,9,ndcg,0.009722962325961796,0.48374597615764015,0.010381284451592698
fullcatalog,n/a,new,0,coverage,0.05439814814814816,0.9957926371149517,0.043402777777777776
fullcatalog,n/a,new,1,coverage,0.06438078703703703,0.9904551517172391,0.052083333333333336
fullcatalog,n/a,new,2,coverage,0.053964120370370364,0.9877579515335099,0.04513888888888888
fullcatalog,n/a,new,3,coverage,0.049479166666666664,0.9495886555531501,0.04166666666666667
fullcatalog,n/a,new,4,coverage,0.054976851851851846,0.9638661445354219,0.04600694444444444
fullcatalog,n/a,new,5,coverage,0.07913773148148148,0.991502452171608,0.06597222222222221
fullcatalog,n/a,new,6,coverage,0.04296875000000001,0.9927483493397364,0.034722222222222224
fullcatalog,n/a,new,7,coverage,0.12268518518518519,0.9885406356537993,0.09809027777777779
fullcatalog,n/a,new,8,coverage,0.045862268518518524,0.9933669434559117,0.03645833333333333
fullcatalog,n/a,new,9,coverage,0.05367476851851851,0.9703050098693483,0.04253472222222222
fullcatalog,n/a,regular,0,coverage,0.12702546296296297,0.9970562367427181,0.10243055555555555
fullcatalog,n/a,regular,1,coverage,0.13310185185185186,0.9580151519724732,0.11111111111111112
fullcatalog,n/a,regular,2,coverage,0.12427662037037036,0.9928965498681309,0.10243055555555555
fullcatalog,n/a,regular,3,coverage,0.11096643518518517,0.990185484413923,0.09201388888888888
fullcatalog,n/a,regular,4,coverage,0.10821759259259263,0.9790210442816484,0.08940972222222224
fullcatalog,n/a,regular,5,coverage,0.15957754629629634,0.9615232831385613,0.12847222222222224
fullcatalog,n/a,regular,6,coverage,0.11140046296296295,0.9861942781104459,0.08680555555555555
fullcatalog,n/a,regular,7,coverage,0.2042824074074074,0.9534882831181254,0.1675347222222222
fullcatalog,n/a,regular,8,coverage,0.12586805555555555,0.9927164941242307,0.09895833333333334
fullcatalog,n/a,regular,9,coverage,0.1456886574074074,0.9925179766922887,0.11805555555555557
fullcatalog,n/a,trend,0,coverage,0.0480324074074074,0.9705095092744773,0.035590277777777776
fullcatalog,n/a,trend,1,coverage,0.08781828703703702,0.99237502693385,0.06684027777777778
fullcatalog,n/a,trend,2,coverage,0.06148726851851852,0.988029684195172,0.048611111111111105
fullcatalog,n/a,trend,3,coverage,0.04658564814814814,0.9765540625392438,0.03993055555555556
fullcatalog,n/a,trend,4,coverage,0.04340277777777778,0.9875640087783469,0.03559027777777778
fullcatalog,n/a,trend,5,coverage,0.08043981481481481,0.9871083106267028,0.0685763888888889
fullcatalog,n/a,trend,6,coverage,0.05888310185185186,0.9916726532567053,0.045138888888888895
fullcatalog,n/a,trend,7,coverage,0.12471064814814813,0.9897048376784825,0.1015625
fullcatalog,n/a,trend,8,coverage,0.04701967592592593,0.9878881406659187,0.03732638888888888
fullcatalog,n/a,trend,9,coverage,0.06307870370370369,0.9944339820046034,0.05034722222222222
testonly,test_final,new,0,coverage,0.3515625,0.7440350187492442,0.3020833333333333
testonly,test_final,new,1,coverage,0.24802527646129544,0.7635209086215801,0.23696682464454974
testonly,test_final,new,2,coverage,0.3368794326241135,0.7567605338550765,0.2978723404255319
testonly,test_final,new,3,coverage,0.24914089347079038,0.7047486033519552,0.23711340206185566
testonly,test_final,new,4,coverage,0.28506375227686703,0.6378190104166669,0.26775956284153
testonly,test_final,new,5,coverage,0.30847145488029465,0.7584136781402053,0.292817679558011
testonly,test_final,new,6,coverage,0.297979797979798,0.7988831089351285,0.2666666666666667
testonly,test_final,new,7,coverage,0.2484076433121019,0.8122428797468355,0.21019108280254778
testonly,test_final,new,8,coverage,0.2726337448559671,0.6971376571806751,0.25308641975308643
testonly,test_final,new,9,coverage,0.2561521252796421,0.6805805502682128,0.2483221476510067
testonly,val_inner,new,0,coverage,0.2887700534759359,0.7534162679425839,0.2620320855614974
testonly,val_inner,new,1,coverage,0.3103448275862069,0.8017515274949084,0.26436781609195403
testonly,val_inner,new,2,coverage,0.3459302325581395,0.7240871903643662,0.308139534883721
testonly,val_inner,new,3,coverage,0.24739583333333334,0.8056969977516204,0.21354166666666666
testonly,val_inner,new,4,coverage,0.2963963963963964,0.7366674228675136,0.2756756756756757
testonly,val_inner,new,5,coverage,0.2590579710144928,0.6722222222222226,0.2608695652173913
testonly,val_inner,new,6,coverage,0.273224043715847,0.7961783439490449,0.22950819672131148
testonly,val_inner,new,7,coverage,0.3092369477911647,0.7337114571516965,0.27710843373493976
testonly,val_inner,new,8,coverage,0.28516377649325625,0.7730823529411762,0.2543352601156069
testonly,val_inner,new,9,coverage,0.25449101796407186,0.7265904350417164,0.23952095808383234
testonly,test_final,regular,0,coverage,0.3674067221708294,0.7174071619154142,0.3367252543940795
testonly,test_final,regular,1,coverage,0.3636503539550631,0.7082406139015729,0.3361034164358264
testonly,test_final,regular,2,coverage,0.35658914728682173,0.6998638198188029,0.3293023255813953
testonly,test_final,regular,3,coverage,0.34231722428748446,0.7052145922333647,0.3159851301115241
testonly,test_final,regular,4,coverage,0.3618646710321173,0.7023045373716514,0.33582787652011226
testonly,test_final,regular,5,coverage,0.37750626566416046,0.7276703756725742,0.34022556390977443
testonly,test_final,regular,6,coverage,0.36435185185185187,0.768094938453059,0.31851851851851853
testonly,test_final,regular,7,coverage,0.38350419384902146,0.6922183605584415,0.35880708294501396
testonly,test_final,regular,8,coverage,0.3572752548656163,0.7366654518883529,0.3169601482854495
testonly,test_final,regular,9,coverage,0.36131957473420884,0.7054467490427999,0.3302063789868668
testonly,val_inner,regular,0,coverage,0.3657187993680885,0.7404371697946371,0.3289099526066351
testonly,val_inner,regular,1,coverage,0.3630050505050505,0.7175359084447692,0.3304924242424242
testonly,val_inner,regular,2,coverage,0.3654998423210344,0.7088803475935828,0.33207190160832545
testonly,val_inner,regular,3,coverage,0.33631512868801006,0.7170099921935987,0.3050847457627119
testonly,val_inner,regular,4,coverage,0.36859582542694497,0.6860268086360002,0.34819734345351044
testonly,val_inner,regular,5,coverage,0.38011972274732203,0.7048250335713455,0.3478260869565218
testonly,val_inner,regular,6,coverage,0.35924891371818746,0.759902134272572,0.3156424581005587
testonly,val_inner,regular,7,coverage,0.3914358484559058,0.6829341779509916,0.3696275071633238
testonly,val_inner,regular,8,coverage,0.36545057686311194,0.7222243254043368,0.3311506080449018
testonly,val_inner,regular,9,coverage,0.34426489226869456,0.7317673744415838,0.30798479087452474
testonly,test_final,trend,0,coverage,0.42333333333333334,0.7689095911090805,0.3625
testonly,test_final,trend,1,coverage,0.3698572628043661,0.7127980089877185,0.3526448362720403
testonly,test_final,trend,2,coverage,0.3716329966329966,0.7063594689923418,0.34848484848484845
testonly,test_final,trend,3,coverage,0.39551607445008463,0.7359952742293966,0.3680203045685279
testonly,test_final,trend,4,coverage,0.40357439733998335,0.6938368362180618,0.3865336658354115
testonly,test_final,trend,5,coverage,0.43152454780361754,0.7506833883300603,0.3875968992248062
testonly,test_final,trend,6,coverage,0.4645390070921986,0.7572142962200326,0.4175531914893617
testonly,test_final,trend,7,coverage,0.3842364532019705,0.684828082170365,0.3694581280788177
testonly,test_final,trend,8,coverage,0.45072836332476435,0.7410964285714287,0.4113110539845758
testonly,test_final,trend,9,coverage,0.3852530541012216,0.6687251986963232,0.3795811518324607
testonly,val_inner,trend,0,coverage,0.42184557438794734,0.7507724535218647,0.3926553672316384
testonly,val_inner,trend,1,coverage,0.378917378917379,0.7193466277073233,0.35042735042735046
testonly,val_inner,trend,2,coverage,0.3978937728937729,0.7207660443629978,0.3681318681318681
testonly,val_inner,trend,3,coverage,0.41300366300366304,0.7310008984725969,0.38186813186813184
testonly,val_inner,trend,4,coverage,0.38935574229691877,0.7258985597996244,0.36694677871148457
testonly,val_inner,trend,5,coverage,0.44782608695652176,0.7339088673035975,0.4115942028985507
testonly,val_inner,trend,6,coverage,0.4242032730404823,0.743399074414613,0.3927648578811369
testonly,val_inner,trend,7,coverage,0.43825441039925717,0.7394746741607844,0.39275766016713093
testonly,val_inner,trend,8,coverage,0.4662973222530009,0.7660172011574236,0.4155124653739612
testonly,val_inner,trend,9,coverage,0.4164319248826291,0.7285707671222728,0.3802816901408451
testonly,test_final,new,0,rmse,-0.889707018708808,0.9687386565830521,0.6952262622713706
testonly,test_final,new,1,rmse,-0.8306494983650249,0.9568461420402337,0.647656278544388
testonly,test_final,new,2,rmse,-0.9229905609015424,0.9660990547300066,0.7209625460338405
testonly,test_final,new,3,rmse,-0.9713238606005993,0.9779476020343703,0.7617845107835981
testonly,test_final,new,4,rmse,-0.9123626495153644,0.964765274416641,0.7123627653822526
testonly,test_final,new,5,rmse,-0.9182249654329983,0.9707115165463821,0.7180867452107441
testonly,test_final,new,6,rmse,-0.713952992498188,0.9393199096536455,0.555693902909135
testonly,test_final,new,7,rmse,-0.9993056608495529,0.9725410422303837,0.7805798721964059
testonly,test_final,new,8,rmse,-0.8567010438624543,0.970046844040411,0.6708438914836652
testonly,test_final,new,9,rmse,-0.8595982773400455,0.9624037957650939,0.6716061456083238
testonly,val_inner,new,0,rmse,-0.9785643787706911,0.9770914598672374,0.766174837106197
testonly,val_inner,new,1,rmse,-1.0290561626343457,0.9791257879078138,0.8046297890777846
testonly,val_inner,new,2,rmse,-1.0448204182421332,0.9764066458283499,0.8164337640525623
testonly,val_inner,new,3,rmse,-0.9652209736126672,0.9760580193854476,0.7558886106028054
testonly,val_inner,new,4,rmse,-0.9760592066548217,0.9762777240800465,0.7636876011790128
testonly,val_inner,new,5,rmse,-1.024085120505789,0.9808774014997007,0.8026349496398584
testonly,val_inner,new,6,rmse,-1.0290051906792206,0.9861235232070644,0.8090769920006444
testonly,val_inner,new,7,rmse,-1.0753069513862314,0.9758477270963857,0.8387068413121495
testonly,val_inner,new,8,rmse,-0.9333963552210692,0.9783687139505736,0.7317871032408184
testonly,val_inner,new,9,rmse,-1.0284863088215284,0.9804771827443233,0.8057023926479198
testonly,test_final,regular,0,rmse,-0.8612593758381965,0.9734828286909138,0.6691243328625213
testonly,test_final,regular,1,rmse,-0.858154322189374,0.9771958955944885,0.6650628805677752
testonly,test_final,regular,2,rmse,-0.9389842764966961,0.9797537833569878,0.7263724977654648
testonly,test_final,regular,3,rmse,-0.909058496588197,0.9735604665281917,0.705141526059367
testonly,test_final,regular,4,rmse,-0.9073843712851283,0.9794568513352705,0.707049608571405
testonly,test_final,regular,5,rmse,-0.8362498312781997,0.9778050369536683,0.6473895060943665
testonly,test_final,regular,6,rmse,-0.8340849203770292,0.9713873855477757,0.6463548183191498
testonly,test_final,regular,7,rmse,-0.9758933870869296,0.9743242538438881,0.754659395470695
testonly,test_final,regular,8,rmse,-0.8165622750026713,0.9717941181805593,0.6305980111361256
testonly,test_final,regular,9,rmse,-0.8550247785144927,0.970111422772424,0.6639926975761865
testonly,val_inner,regular,0,rmse,-0.9623941041927073,0.9815885830101322,0.7500178465506414
testonly,val_inner,regular,1,rmse,-0.9551434304643571,0.9798535112041676,0.7408788775927548
testonly,val_inner,regular,2,rmse,-1.0253777127391441,0.9812673173004083,0.7972269004295517
testonly,val_inner,regular,3,rmse,-1.0228734927517433,0.981372708807815,0.7963173260668237
testonly,val_inner,regular,4,rmse,-0.978577573382386,0.9810286178671814,0.760995075657365
testonly,val_inner,regular,5,rmse,-0.9190532861606885,0.9817082197118604,0.7154634521888688
testonly,val_inner,regular,6,rmse,-0.9127925360434178,0.978437329064397,0.7105310625057814
testonly,val_inner,regular,7,rmse,-1.0921842539330933,0.9837551696545592,0.848684711803877
testonly,val_inner,regular,8,rmse,-0.8990357583155412,0.9793085598188395,0.7012404688367494
testonly,val_inner,regular,9,rmse,-0.974638765181547,0.9791492344761257,0.7561631398084323
testonly,test_final,trend,0,rmse,-0.8748892826716094,0.9635040784304829,0.6767891144442858
testonly,test_final,trend,1,rmse,-0.8836337457169449,0.9678418031119799,0.6919563596192801
testonly,test_final,trend,2,rmse,-0.9061923039911083,0.9676158839818115,0.704239698427875
testonly,test_final,trend,3,rmse,-0.9876086999377808,0.9745098680428573,0.7679512878549806
testonly,test_final,trend,4,rmse,-0.8825660170016484,0.966633738388273,0.6882714120337469
testonly,test_final,trend,5,rmse,-0.8107653407848141,0.9609212062993344,0.6304701486461446
testonly,test_final,trend,6,rmse,-0.8976560639404029,0.9696828904152075,0.6994873919728568
testonly,test_final,trend,7,rmse,-0.9154466596999873,0.9602560269650647,0.7091478978821294
testonly,test_final,trend,8,rmse,-0.8356856253068827,0.9656543490969772,0.6493482736629185
testonly,test_final,trend,9,rmse,-0.923358445489779,0.9709207918247559,0.7198707510788033
testonly,val_inner,trend,0,rmse,-0.9559812279081608,0.976889913514561,0.7434637326189483
testonly,val_inner,trend,1,rmse,-0.961738577149521,0.9803242634585589,0.7493535911488781
testonly,val_inner,trend,2,rmse,-1.039061204220531,0.9823197748682645,0.8112239014257691
testonly,val_inner,trend,3,rmse,-1.0567300742671077,0.9785322338157425,0.8216894106899416
testonly,val_inner,trend,4,rmse,-1.0513432747582963,0.9830243796715425,0.8211063814079532
testonly,val_inner,trend,5,rmse,-0.9290699099290924,0.9746677407358484,0.7222238458491885
testonly,val_inner,trend,6,rmse,-0.9442834437165425,0.9750050689589659,0.7385097819251677
testonly,val_inner,trend,7,rmse,-1.109893868060923,0.9836944013066288,0.8667928577509079
testonly,val_inner,trend,8,rmse,-0.9087437998756157,0.9752163483633978,0.7113373808969481
testonly,val_inner,trend,9,rmse,-1.0483886778449738,0.9826121966687286,0.8175381033849586
testonly,test_final,new,0,mae,-0.8055844377169629,0.972935176985882,0.6357849312897356
testonly,test_final,new,1,mae,-0.7593067773005966,0.9754215454097462,0.6010076461178768
testonly,test_final,new,2,mae,-0.8853882596583655,0.9774047494838511,0.6926975503872146
testonly,test_final,new,3,mae,-0.8947904815145993,0.979557882141445,0.706364341090376
testonly,test_final,new,4,mae,-0.8365268101014581,0.9668803931857484,0.6497954808773193
testonly,test_final,new,5,mae,-0.8808129287602512,0.9799633395564638,0.6909248404282669
testonly,test_final,new,6,mae,-0.6576314627112742,0.952458713271949,0.5120526484233553
testonly,test_final,new,7,mae,-0.9461009967937306,0.9798981840080786,0.7424766605942611
testonly,test_final,new,8,mae,-0.802464140968127,0.9756783807955248,0.6358253003968465
testonly,test_final,new,9,mae,-0.8178653547175132,0.9800815839663908,0.6488022692103635
testonly,val_inner,new,0,mae,-0.8749708076309746,0.9754954784719766,0.6906283405729651
testonly,val_inner,new,1,mae,-0.9504692622042874,0.974076507283647,0.747332637085002
testonly,val_inner,new,2,mae,-0.9418146817315123,0.9787529262336299,0.7410410022695836
testonly,val_inner,new,3,mae,-0.865713971787417,0.977437931642203,0.6845203305462132
testonly,val_inner,new,4,mae,-0.924544694503633,0.9813286887169307,0.7252334030076507
testonly,val_inner,new,5,mae,-0.9270350903739837,0.9811350912062929,0.7267235396695056
testonly,val_inner,new,6,mae,-0.9538557465941415,0.9880071233995867,0.7529204790577092
testonly,val_inner,new,7,mae,-1.0248110419355454,0.978067527276506,0.7993018123044153
testonly,val_inner,new,8,mae,-0.8516442640428821,0.9836278866465014,0.669808742968732
testonly,val_inner,new,9,mae,-0.9750014570427354,0.9862903614952739,0.7711483597371074
testonly,test_final,regular,0,mae,-0.8258782223309296,0.9819904158567107,0.6473177402678063
testonly,test_final,regular,1,mae,-0.81567362363181,0.9852610210504673,0.637435199790923
testonly,test_final,regular,2,mae,-0.9054520715093218,0.9863578599363431,0.7042808181382653
testonly,test_final,regular,3,mae,-0.8837390125209917,0.9819370532516868,0.690910194061622
testonly,test_final,regular,4,mae,-0.8795141850788989,0.9884421210148351,0.6925921109953423
testonly,test_final,regular,5,mae,-0.8037612903466173,0.9860357487792465,0.6275780062373817
testonly,test_final,regular,6,mae,-0.8110639972623664,0.9803575563721701,0.6347151756907379
testonly,test_final,regular,7,mae,-0.9464896321486189,0.9821230161214815,0.73722384199966
testonly,test_final,regular,8,mae,-0.7808960710711644,0.9816997762882426,0.6093005752898982
testonly,test_final,regular,9,mae,-0.832882044685003,0.9791922494870975,0.6513736027106243
testonly,val_inner,regular,0,mae,-0.8964330692438898,0.9829493970515358,0.7018770123564031
testonly,val_inner,regular,1,mae,-0.8945562223279697,0.9818954047845624,0.6990315747602239
testonly,val_inner,regular,2,mae,-0.9642645449646369,0.9849614599503164,0.7555613183884491
testonly,val_inner,regular,3,mae,-0.9565055374906263,0.9833599430198676,0.7487399385486642
testonly,val_inner,regular,4,mae,-0.9123601918344232,0.9801938884560355,0.714467043407108
testonly,val_inner,regular,5,mae,-0.8566354832834906,0.9843882871830413,0.6700669591319272
testonly,val_inner,regular,6,mae,-0.8523308172946871,0.9817312724341265,0.6673884444394648
testonly,val_inner,regular,7,mae,-1.0313369291776062,0.9846997047325239,0.805493910838711
testonly,val_inner,regular,8,mae,-0.8497063155187976,0.9827162032982003,0.66656078624958
testonly,val_inner,regular,9,mae,-0.9013674464078586,0.9796222635410332,0.7042608815553723
testonly,test_final,trend,0,mae,-0.8227521179888712,0.9685062674106032,0.6459932618725357
testonly,test_final,trend,1,mae,-0.8611620460156841,0.9760643453992343,0.6809501810589272
testonly,test_final,trend,2,mae,-0.8762151098017114,0.9750108927913624,0.6886800930135044
testonly,test_final,trend,3,mae,-0.9319089994024459,0.9775869898587461,0.7333239991135992
testonly,test_final,trend,4,mae,-0.8572274333029817,0.9774998087688338,0.6784653827457118
testonly,test_final,trend,5,mae,-0.8047180803602387,0.9760025614985312,0.6346228565720486
testonly,test_final,trend,6,mae,-0.8803251884150385,0.9761170859078087,0.6936955534553257
testonly,test_final,trend,7,mae,-0.8855317150935643,0.9727697072217524,0.6909363798083925
testonly,test_final,trend,8,mae,-0.7978210321236314,0.9747945806839551,0.6253928098339987
testonly,test_final,trend,9,mae,-0.9176354117015331,0.9817536827292591,0.7215981961988638
testonly,val_inner,trend,0,mae,-0.9055004122410024,0.9786593251983734,0.7084638870773436
testonly,val_inner,trend,1,mae,-0.9089376997801586,0.9793737845511591,0.715222686304782
testonly,val_inner,trend,2,mae,-0.9648556891187117,0.9783596825661471,0.7556356712151231
testonly,val_inner,trend,3,mae,-0.9842934315292508,0.9740161532391763,0.7702546227232699
testonly,val_inner,trend,4,mae,-0.9893173812869223,0.9820916186582215,0.7770407909526649
testonly,val_inner,trend,5,mae,-0.8664297267353781,0.9772863745286241,0.681857148953374
testonly,val_inner,trend,6,mae,-0.877784371104721,0.9746409050549006,0.691686561829807
testonly,val_inner,trend,7,mae,-1.0341528532869253,0.9814969531178006,0.8121204731875689
testonly,val_inner,trend,8,mae,-0.8421144189661215,0.9763977141736777,0.6693729247673214
testonly,val_inner,trend,9,mae,-0.9864057254993243,0.9785130595055109,0.775334156649359
